Link,Duration,Music,Likes,Comments,Saved,Hashtags,DatePosted,views,LikesToViewsRatio,DayOfWeek,HourOfDay,Minute,HalfHour,Minutes,Seconds
https://www.tiktok.com/@soneedo/video/7298798923995434245,37,sonido original - soneedo,1490,11,680,"['#juego', '#juegos', '#robloxfyp', '#multijugador', '#soneedo', '#roblox', '#juegazo', '#miedoyterror', '#terror', '#miedo', '#ihearittoo']",2023-11-07 13:07:34,9759,0.15,Tuesday,13,7,13.116666666666667,0,37
https://www.tiktok.com/@soneedo/video/7298388997125049605,34,sonido original - soneedo,1944,36,898,"['#terror', '#miedo', '#miedoyterror', '#roblox', '#soneedo', '#multijugador', '#juegos', '#robloxfyp', '#juegos', '#phasmaphobia', '#juego', '#robloxmiedo']",2023-11-06 10:36:51,10300,0.19,Monday,10,36,10.6,0,34
https://www.tiktok.com/@soneedo/video/7298081991050743045,49,sonido original - soneedo,215,5,66,"['#juego', '#juegos', '#multijugador', '#soneedo', '#roblox', '#miedoyterror', '#miedo', '#terror', '#ihearittoo', '#juegosdemiedo']",2023-11-05 14:45:32,2378,0.09,Sunday,14,45,14.75,0,49
https://www.tiktok.com/@soneedo/video/7297998924210572549,40,sonido original - soneedo,2026,37,843,"['#miedo', '#terror', '#miedoyterror', '#roblox', '#soneedo', '#robloxfyp', '#miltijugador', '#juegazo', '#multijugador', '#juegos', '#juego', '#robloxfyp', '#']",2023-11-05 09:23:10,13500,0.15,Sunday,9,23,9.383333333333333,0,40
https://www.tiktok.com/@soneedo/video/7297683910677335301,40,sonido original - soneedo,4403,41,1843,"['#miedo', '#terror', '#juegazo', '#soneedo', '#miltijugador', '#roblox', '#robloxfyp', '#juegos', '#juego']",2023-11-04 13:00:45,29700,0.15,Saturday,13,0,13.0,0,40
https://www.tiktok.com/@soneedo/video/7296613722179587334,38,sonido original - soneedo,5453,68,1987,"['#miedo', '#soneedo', '#robloxmiedo', '#robloxfyp', '#terror', '#roblox', '#multijugador', '#gamerentiktok']",2023-11-01 15:47:53,38700,0.14,Wednesday,15,47,15.783333333333333,0,38
https://www.tiktok.com/@soneedo/video/7294716572269169926,38,sonido original - soneedo,189400,1918,76200,"['#roblox', '#miedo', '#terror', '#juego', '#juegos', '#juegosdemiedo', '#ihearittoo', '#robloxfyp', '#robloxmiedo', '#soneedo']",2023-10-27 13:05:58,1300000,0.15,Friday,13,5,13.083333333333334,0,38
https://www.tiktok.com/@soneedo/video/7294349917185641733,32,sonido original - soneedo,2017,62,875,"['#dragonballrevenge', '#dragonball', '#goku', '#vegeta', '#dragonbal', '#roblox', '#soneedo', '#DRAGONBALL', '#robloxfyp', '#robloxspanish', '#dragonballrage', '#dragonballrevengeroblox', '#tablos', '#gamerentiktok']",2023-10-26 13:23:09,40700,0.05,Thursday,13,23,13.383333333333333,0,32
https://www.tiktok.com/@soneedo/video/7293604866654489862,46,sonido original - soneedo,3574,40,1549,"['#juegos', '#robloxhorror', '#roblox', '#juego', '#fyp', '#robloxfyp', '#soneedo', '#robloxfyp', '#zombies', '#juegosdezombies', '#zombies2', '#zombies3', '#']",2023-10-24 13:12:00,25500,0.14,Tuesday,13,12,13.2,0,46
https://www.tiktok.com/@soneedo/video/7293231124216597766,36,sonido original - soneedo,9281,127,4375,"['#terror', '#miedo', '#multijugador', '#robloxgames', '#scary', '#robloxfyp', '#soneedo', '#fyp', '#juego', '#roblox', '#robloxhorror', '#juegos']",2023-10-23 13:01:40,61500,0.15,Monday,13,1,13.016666666666667,0,36
https://www.tiktok.com/@soneedo/video/7292511141870177542,37,sonido original - soneedo,11300,107,4353,"['#robloxhorror', '#roblox', '#juego', '#fyp', '#soneedo', '#robloxfyp', '#scary', '#robloxgames', '#multijugador', '#terror', '#miedo']",2023-10-21 14:27:45,85100,0.13,Saturday,14,27,14.45,0,37
https://www.tiktok.com/@soneedo/video/7292122778415697157,38,sonido original - soneedo,10700,106,4790,"['#terror', '#miedo', '#multijugador', '#juegos', '#robloxgames', '#scary', '#robloxfyp', '#soneedo', '#fyp', '#juego', '#roblox', '#robloxhorror']",2023-10-20 13:20:44,68300,0.16,Friday,13,20,13.333333333333334,0,38
https://www.tiktok.com/@soneedo/video/7291766055989480709,40,sonido original - soneedo,4644,49,2010,"['#roblox', '#robloxedit', '#juego', '#fyp', '#soneedo', '#robloxfyp', '#scary', '#robloxgames', '#multijugador', '#miedo', '#terror', '#juegos', '#']",2023-10-19 14:16:27,29600,0.16,Thursday,14,16,14.266666666666667,0,40
https://www.tiktok.com/@soneedo/video/7291382340385918213,36,sonido original - soneedo,39200,313,17200,"['#terror', '#miedo', '#robloxhorror', '#multijugador', '#robloxgames', '#scary', '#robloxfyp', '#soneedo', '#fyp', '#juego', '#roblox', '#robloxedit']",2023-10-18 13:27:27,260800,0.15,Wednesday,13,27,13.45,0,36
https://www.tiktok.com/@soneedo/video/7290582208673238277,31,sonido original - soneedo,43800,356,17800,"['#fyp', '#roblox', '#soneedo', '#robloxfyp', '#terror', '#miedo', '#scary', '#robloxgames', '#multijugador', '#robloxhorror', '#juegos']",2023-10-16 09:42:31,280100,0.16,Monday,9,42,9.7,0,31
https://www.tiktok.com/@soneedo/video/7289534066884349189,48,sonido original - soneedo,147200,1293,57200,"['#roblox', '#miedo', '#juegos', '#multijugador', '#robloxgames', '#robloxhorror', '#soneedo', '#robloxfyp', '#scary', '#juego']",2023-10-13 13:55:13,933900,0.16,Friday,13,55,13.916666666666666,0,48
https://www.tiktok.com/@soneedo/video/7288834110942940422,37,sonido original - soneedo,5750,58,2652,"['#attackontitan', '#attackontitanroblox', '#attackontitanrevolution', '#roblox', '#soneedo', '#juego', '#robloxfyp', '#multijugador', '#robloxgames', '#amigos', '#shingekinokyojin', '#eren', '#mikasa', '#levi']",2023-10-11 16:39:03,80500,0.07,Wednesday,16,39,16.65,0,37
https://www.tiktok.com/@soneedo/video/7288418768991046918,40,sonido original - soneedo,89800,805,36200,"['#miedo', '#terror', '#soneedo', '#robloxgames', '#robloxfyp', '#multijugador', '#fyp', '#juegos', '#juego', '#robloxterror']",2023-10-10 13:47:18,514900,0.17,Tuesday,13,47,13.783333333333333,0,40
https://www.tiktok.com/@soneedo/video/7288134785480887557,161,sonido original - soneedo,365,9,30,"['#preguntasyrespuestas', '#roblox', '#culturageneral', '#parati', '#soneedo', '#risa', '#diversion', '#robloxgames']",2023-10-09 19:45:00,11200,0.03,Monday,19,45,19.75,0,161
https://www.tiktok.com/@soneedo/video/7288064831435885830,46,sonido original - soneedo,669,8,220,"['#roblox', '#dragonball', '#dragonballroblox', '#soneedo', '#juego', '#juegos', '#multijugador', '#fyp', '#robloxfyp', '#robloxgames']",2023-10-09 14:53:49,11000,0.06,Monday,14,53,14.883333333333333,0,46
https://www.tiktok.com/@soneedo/video/7287303342588480774,32,sonido original - soneedo,1356,24,535,"['#roblox', '#diversion', '#juegos', '#juego', '#multijugador', '#robloxgames', '#minitank', '#minitanks', '#robloxminitanks', '#amigos']",2023-10-07 13:38:51,20500,0.07,Saturday,13,38,13.633333333333333,0,32
https://www.tiktok.com/@soneedo/video/7286930128687402245,35,sonido original - soneedo,279900,2140,102700,"['#roblox', '#robloxfyp', '##terror', '#soneedo', '#multijugador', '#fyp', '#juegos', '#miedo', '#']",2023-10-06 13:30:36,1900000,0.15,Friday,13,30,13.5,0,35
https://www.tiktok.com/@soneedo/video/7286551214479658246,39,sonido original - soneedo,195,9,48,"['#miedo', '#roblox', '#fyp', '#juegos', '#fyp', '#multijugador', '#soneedo', '#terror', '#robloxfyp', '#roblox']",2023-10-05 13:00:13,8867,0.02,Thursday,13,0,13.0,0,39
https://www.tiktok.com/@soneedo/video/7286200788311936262,38,sonido original - soneedo,118500,740,46800,"['#tornado', '#soneedo', '#multijugador', '#fyp', '#juegos', '#robloxgames', '#robloxtwister', '#roblox', '#clima', '#robloxfyp']",2023-10-04 14:20:24,810600,0.15,Wednesday,14,20,14.333333333333334,0,38
https://www.tiktok.com/@soneedo/video/7285444766869769477,35,sonido original - soneedo,7119,57,3014,"['#soneedo', '#fyp', '#roblox', '#terror', '#miedo', '#multijugador', '#juegos', '#fouryou']",2023-10-02 13:26:37,47700,0.15,Monday,13,26,13.433333333333334,0,35
https://www.tiktok.com/@soneedo/video/7284700855893314822,33,sonido original - soneedo,2192,19,851,"['#miedo', '#terror', '#roblox', '#soneedo', '#fyp', '#fouryou', '#juegos']",2023-09-30 13:19:52,19300,0.11,Saturday,13,19,13.316666666666666,0,33
https://www.tiktok.com/@soneedo/video/7283987593505639686,33,sonido original - soneedo,122200,1118,44500,"['#roblox', '#soneedo', '#fyp', '#juegos', '#terror', '#miedo', '#multijugador', '#foryou']",2023-09-28 15:12:06,603200,0.2,Thursday,15,12,15.2,0,33
https://www.tiktok.com/@soneedo/video/7283238490542820613,34,sonido original - soneedo,1594,11,667,"['#foryou', '#multijugador', '#miedo', '#terror', '#juegos', '#fyp', '#soneedo', '#roblox']",2023-09-26 14:45:11,15600,0.1,Tuesday,14,45,14.75,0,34
https://www.tiktok.com/@soneedo/video/7282856925291629829,37,"Mozart/Requiem ""Lacrimosa""(1394506) - Mint",16500,200,5639,"['#soneedo', '#roblox', '#robloxgames', '#fyp', '#juegos', '#terror', '#miedo', '#multijugador', '#foryou']",2023-09-25 14:04:29,114900,0.14,Monday,14,4,14.066666666666666,0,37
https://www.tiktok.com/@soneedo/video/7282113723072859397,48,sonido original - soneedo,500,7,181,"['#juegos', '#fyp', '#robloxgames', '#roblox', '#soneedo', '#multijugador', '#shooter', '#fuerzasespeciales']",2023-09-23 14:00:29,9536,0.05,Saturday,14,0,14.0,0,48
https://www.tiktok.com/@soneedo/video/7281738127243267333,51,sonido original - soneedo,13400,138,5612,"['#terror', '#foryou', '#multijugador', '#soneedo', '#roblox', '#robloxgames', '#fyp', '#juegos']",2023-09-22 13:42:58,84500,0.16,Friday,13,42,13.7,0,51
https://www.tiktok.com/@soneedo/video/7280987048171801861,40,sonido original - soneedo,11400,111,4644,"['#roblox', '#soneedo', '#multijugador', '#fyp', '#foryou', '#terror', '#miedo', '#miedo']",2023-09-20 13:08:23,79100,0.14,Wednesday,13,8,13.133333333333333,0,40
https://www.tiktok.com/@soneedo/video/7280240826427460870,34,sonido original - soneedo,6359,89,2290,"['#MIEDO', '#terror', '#roblox', '#fyp', '#multijugador', '#juego', '#juegos', '#soneedo']",2023-09-19 07:00:00,347500,0.02,Tuesday,7,0,7.0,0,34
https://www.tiktok.com/@soneedo/video/7280242575099841798,45,sonido original - soneedo,82900,905,30800,"['#robloxgames', '#miedo', '#terror', '#foryou', '#fyp', '#multijugador', '#soneedo', '#roblox']",2023-09-18 12:59:29,504000,0.16,Monday,12,59,12.983333333333333,0,45
https://www.tiktok.com/@soneedo/video/7279099411630738694,67,sonido original - soneedo,150,4,12,"['#fyp', '#roblox', '#humor', '#sindentadura', '#soneedo', '#juegos', '#juego', '#voicechatroblox', '#voicechat']",2023-09-15 14:00:00,6104,0.02,Friday,14,0,14.0,0,67
https://www.tiktok.com/@soneedo/video/7218645684210109701,29,Creepy and simple horror background music(1070744) - howlingindicator,355200,3011,106600,"['#miedo', '#gamer', '#videojuego', '#roblox', '#fyp', '#terror', '#multijugador', '#soneedo']",2023-04-05 13:12:05,2400000,0.15,Wednesday,13,12,13.2,0,29
https://www.tiktok.com/@soneedo/video/7212776347352059141,25,"Spooky, quiet, scary atmosphere piano songs - Skittlegirl Sound",599900,6513,168000,"['#miedo', '#videojuego', '#videojuegos', '#scary', '#fy', '#roblox', '#player', '#multiplayer']",2023-03-20 17:36:04,3600000,0.17,Monday,17,36,17.6,0,25
https://www.tiktok.com/@soneedo/video/7278784330803989766,33,sonido original - soneedo,2706,39,1115,"['#roblox', '#soneedo', '#multijugador', '#fyp', '#miedo', '#terror', '#foryou', '#robloxgames']",2023-09-14 14:40:44,26800,0.1,Thursday,14,40,14.666666666666666,0,33
https://www.tiktok.com/@soneedo/video/7278240173970689285,25,sonido original - soneedo,17100,194,6654,"['#ROBLOX', '#MIEDO', '#SCARY', '#TERROR', '#JUEGO', '#TERROR', '#MULTIJUGADOR', '#ROBLOXJUEGOS', '#JUEGOS', '#FYP']",2023-09-13 14:30:00,105300,0.16,Wednesday,14,30,14.5,0,25
https://www.tiktok.com/@soneedo/video/7276197215599594757,29,sonido original - soneedo,5441,55,1927,"['#terror', '#miedo', '#foryou', '#soneedo', '#roblox', '#fyp', '#multijugador']",2023-09-07 15:21:26,48900,0.11,Thursday,15,21,15.35,0,29
https://www.tiktok.com/@soneedo/video/7275472885949549830,13,sonido original - soneedo,1016,4,71,"['#roblox', '#fyp', '#humor', '#soneedo', '#risas', '#foryou']",2023-09-05 16:30:39,15200,0.07,Tuesday,16,30,16.5,0,13
https://www.tiktok.com/@soneedo/video/7275079990780235014,28,Chopin Nocturne No. 2 Piano Mono - moshimo sound design,2948,30,1193,"['#multijugador', '#fyp', '#juego', '#roblox', '#obby', '#juegosderoblox', '#robloxgames', '#divertido']",2023-09-04 15:06:02,24500,0.12,Monday,15,6,15.1,0,28
https://www.tiktok.com/@soneedo/video/7273949316622847238,31,sonido original - soneedo,105600,822,40700,"['#soneedo', '#roblox', '#miedo', '#terror', '#juego', '#juegos', '#fyp', '#multijugador', '#scary']",2023-09-01 13:58:25,648800,0.16,Friday,13,58,13.966666666666667,0,31
https://www.tiktok.com/@soneedo/video/7272865500231732486,33,sonido original - soneedo,15100,150,6446,"['#roblox', '#terror', '#miedo', '#multijugador', '#juego', '#juego', '#juegos', '#fyp']",2023-08-29 15:52:41,104800,0.14,Tuesday,15,52,15.866666666666667,0,33
https://www.tiktok.com/@soneedo/video/7272478773080001798,51,sonido original - soneedo,95,0,4,"['#videojuego', '#multijugador', '#roblox', '#voicechat', '#humor', '#broma', '#risas', '#piropo']",2023-08-28 14:51:58,5280,0.02,Monday,14,51,14.85,0,51
https://www.tiktok.com/@soneedo/video/7272126924317592838,26,sonido original - soneedo,5487,34,1980,"['#roblox', '#premium', '#parati', '#humor', '#multijugador', '#videojuego', '#juego']",2023-08-27 16:06:37,46100,0.12,Sunday,16,6,16.1,0,26
https://www.tiktok.com/@soneedo/video/7271366204055407877,25,sonido original - soneedo,130,1,12,"['#roblox', '#humor', '#voice', '#voicechat', '#parati', '#premium']",2023-08-25 14:54:38,5575,0.02,Friday,14,54,14.9,0,25
https://www.tiktok.com/@soneedo/video/7270983019496803590,34,"Mozart/Requiem ""Lacrimosa""(1394506) - Mint",3462,21,1177,"['#videojuego', '#multijugador', '#soneedo', '#roblox', '#juego', '#miedo', '#terror', '#robloxmiedo', '#parati']",2023-08-24 14:07:41,31600,0.11,Thursday,14,7,14.116666666666667,0,34
https://www.tiktok.com/@soneedo/video/7270246099221253381,28,sonido original - soneedo,186,15,22,"['#soneedo', '#concurso', '#dinero', '#robux', '#videojuego', '#multijugador', '#humor']",2023-08-22 14:28:02,6274,0.03,Tuesday,14,28,14.466666666666667,0,28
https://www.tiktok.com/@soneedo/video/7269842127201357061,40,sonido original - soneedo,670,7,193,"['#terror', '#miedo', '#humor', '#juegos', '#juego', '#videojuego', '#multijugador', '#soneedo', '#roblox']",2023-08-21 12:20:25,10000,0.07,Monday,12,20,12.333333333333334,0,40
https://www.tiktok.com/@soneedo/video/7269140785566584070,31,Carmina Burana Chorus(827975) - MANDEL BLUR,9903,171,2436,"['#soneedo', '#robloxmiedo', '#multijugador', '#videojuego', '#juego', '#juegos', '#humor', '#miedo', '#terror']",2023-08-19 14:58:51,83200,0.12,Saturday,14,58,14.966666666666667,0,31
https://www.tiktok.com/@soneedo/video/7268423945802632453,73,sonido original - soneedo,3933,39,1257,"['#miedo', '#terror', '#juegos', '#juego', '#videojuego', '#multijugador', '#soneedo', '#robloxmiedo']",2023-08-17 16:37:10,27100,0.15,Thursday,16,37,16.616666666666667,0,73
https://www.tiktok.com/@soneedo/video/7267284277782416646,59,sonido original - soneedo,195000,2250,64000,"['#robloxgames', '#robloxmiedo', '#soneedo', '#multijugador', '#terror', '#miedo', '#juego', '#videojuego', '#juegos', '#parati']",2023-08-14 14:54:41,1200000,0.16,Monday,14,54,14.9,0,59
https://www.tiktok.com/@soneedo/video/7266916729232657669,27,sonido original - soneedo,5907,59,2185,"['#roblox', '#juegos', '#juego', '#miedo', '#terror', '#multijugador', '#soneedo', '#robloxmiedo', '#robloxgames']",2023-08-13 15:08:24,48400,0.12,Sunday,15,8,15.133333333333333,0,27
https://www.tiktok.com/@soneedo/video/7265022360133078277,29,Creepy and simple horror background music(1070744) - howlingindicator,35400,402,14000,"['#robloxgames', '#soneedo', '#multijugador', '#terror', '#miedo', '#juego', '#juegos', '#roblox', '#crhonicles']",2023-08-08 12:37:16,240100,0.15,Tuesday,12,37,12.616666666666667,0,29
https://www.tiktok.com/@soneedo/video/7263931085166251269,31,"Mozart/Requiem ""Lacrimosa""(1394506) - Mint",4323,44,1651,"['#juegos', '#juego', '#parati', '#robloxmiedo', '#miedo', '#terror', '#soneedo', '#multijugador', '#robloxgames']",2023-08-05 14:02:34,40600,0.11,Saturday,14,2,14.033333333333333,0,31
https://www.tiktok.com/@soneedo/video/7263564459447225605,31,sonido original - soneedo,306,8,110,"['#zombiesurvivors', '#soneedo', '#robloxgames', '#multijugador', '#roblox', '#robloxzombiesurvivors', '#parati', '#juego', '#juegos']",2023-08-04 14:19:52,8525,0.04,Friday,14,19,14.316666666666666,0,31
https://www.tiktok.com/@soneedo/video/7262819063884270854,25,Aesthetic - Tollan Kim,144,3,41,"['#roblox', '#parati', '#multijugador', '#robloxgames', '#soneedo', '#zombieinvasiontycoon']",2023-08-02 14:07:21,7006,0.02,Wednesday,14,7,14.116666666666667,0,25
https://www.tiktok.com/@soneedo/video/7262459740188445957,26,sonido original - soneedo,78,4,9,"['#soneedo', '#robloxgames', '#roblox', '#parati', '#multijugador', '#risas']",2023-08-01 14:53:00,5832,0.01,Tuesday,14,53,14.883333333333333,0,26
https://www.tiktok.com/@soneedo/video/7261727975773588742,29,Aesthetic - Tollan Kim,86,2,24,"['#foryou', '#juego', '#multijugador', '#parati', '#roblox', '#miedo', '#terror', '#robloxgames', '#soneedo']",2023-07-30 15:33:22,6143,0.01,Sunday,15,33,15.55,0,29
https://www.tiktok.com/@soneedo/video/7261351901424405765,28,Carmina Burana Chorus(827975) - MANDEL BLUR,3514,40,1417,"['#terror', '#miedo', '#soneedo', '#robloxgames', '#roblox', '#juegos', '#parati', '#multijugador', '#juego', '#foryou']",2023-07-29 15:14:02,35000,0.1,Saturday,15,14,15.233333333333333,0,28
https://www.tiktok.com/@soneedo/video/7260968929621708037,34,"Mozart/Requiem ""Lacrimosa""(1394506) - Mint",119000,1268,45800,"['#juego', '#multijugador', '#parati', '#juegos', '#roblox', '#robloxgames', '#soneedo', '#miedo', '#terror']",2023-07-28 14:27:52,855400,0.14,Friday,14,27,14.45,0,34
https://www.tiktok.com/@soneedo/video/7260603319456943365,27,Bebe Dame - Fuerza Regida & Grupo Frontera,240,3,64,"['#soneedo', '#foryou', '#robloxgames', '#roblox', '#juegos', '#parati', '#multijugador', '#juego']",2023-07-27 14:49:08,8029,0.03,Thursday,14,49,14.816666666666666,0,27
https://www.tiktok.com/@soneedo/video/7259823937142459653,26,sonido original - soneedo,227,9,18,"['#reflexion', '#parapensarlo', '#parasaber', '#español', '#soneedo']",2023-07-25 12:24:44,7628,0.03,Tuesday,12,24,12.4,0,26
https://www.tiktok.com/@soneedo/video/7259480119813672197,30,"Carmina Burana, Introduction, Fortuna Imperatrix Mundi: O Fortuna - Franz Welser-Möst",3279,41,980,"['#miedo', '#terror', '#juego', '#multijugador', '#parati', '#juegos', '#soneedo', '#roblox', '#robloxgames', '#foryou']",2023-07-24 14:10:33,30600,0.11,Monday,14,10,14.166666666666666,0,30
https://www.tiktok.com/@soneedo/video/7258735578550766853,31,"Mozart/Requiem ""Lacrimosa""(1394506) - Mint",349500,3435,137000,"['#robloxgames', '#roblox', '#soneedo', '#juegos', '#parati', '#multijugador', '#juego', '#terror', '#miedo', '#videojuego']",2023-07-22 14:01:22,2100000,0.17,Saturday,14,1,14.016666666666667,0,31
https://www.tiktok.com/@soneedo/video/7258375197672131846,41,Bach: Solo Cello Suite No. 1 in G Major (BWV 1007)---Prelude - Charles Curtis,3030,49,933,"['#multijugador', '#juego', '#foryou', '#parati', '#juegos', '#roblox', '#soneedo', '#squidgame', '#robloxgames']",2023-07-21 14:42:54,39300,0.08,Friday,14,42,14.7,0,41
https://www.tiktok.com/@soneedo/video/7258016885709475077,28,Chopin Nocturne No. 2 Piano Mono - moshimo sound design,49000,478,17100,"['#juegos', '#parati', '#foryou', '#juego', '#roblox', '#terror', '#hideandseek', '#escondite', '#multijugador']",2023-07-20 15:32:26,390000,0.13,Thursday,15,32,15.533333333333333,0,28
https://www.tiktok.com/@soneedo/video/7257281871845903622,26,Devil Emperor Phonk - Bgnzinho,20500,231,8075,"['#videojuego', '#pelea', '#juegos', '#foryou', '#parati', '#roblox', '#robloxgames', '#terror', '#soneedo']",2023-07-18 16:00:14,167900,0.12,Tuesday,16,0,16.0,0,26
https://www.tiktok.com/@soneedo/video/7256576361991654661,16,sonido original - soneedo,85,5,14,"['#humor', '#humornegro', '#pelea', '#roblox', '#videojuego']",2023-07-16 18:22:31,6886,0.01,Sunday,18,22,18.366666666666667,0,16
https://www.tiktok.com/@soneedo/video/7256517895620971781,27,Wii Shop Channel Trap - OSRSBeatz,31000,339,9785,"['#foryou', '#parati', '#juegos', '#juego', '#roblox', '#pelea', '#juegodepelea', '#soneedo', '#onepunchman', '#anime']",2023-07-16 14:35:36,493300,0.06,Sunday,14,35,14.583333333333334,0,27
https://www.tiktok.com/@soneedo/video/7256141552840445190,28,Creepy and simple horror background music(1070744) - howlingindicator,55400,637,18600,"['#fyp', '#terror', '#miedoyterror', '#roblox', '#robloxgames', '#juego', '#juegos', '#soneedo', '#parati', '#foryou']",2023-07-15 14:15:13,358700,0.15,Saturday,14,15,14.25,0,28
https://www.tiktok.com/@soneedo/video/7255406687664835845,28,Life Goes On - Oliver Tree,354,4,100,"['#box', '#videojuego', '#shadowboxing', '#juegos', '#juegos', '#parati', '#fyp', '#roblox', '#soneedo', '#robloxfyp']",2023-07-13 14:43:32,7851,0.05,Thursday,14,43,14.716666666666667,0,28
https://www.tiktok.com/@soneedo/video/7255030169692359941,24,sonido original - soneedo,500,9,57,"['#parati', '#roblox', '#saitama', '#anime', '#pelea', '#soneedo', '#juegosderoblox', '#robloxfyp', '#videojuego', '#onepunchman']",2023-07-12 14:22:29,11400,0.04,Wednesday,14,22,14.366666666666667,0,24
https://www.tiktok.com/@soneedo/video/7254982092398824710,27,Cupid (Twin Ver.) - FIFTY FIFTY,853,17,267,"['#onlyup', '#juegosderoblox', '#soneedo', '#obby', '#parkour', '#fyp', '#parati']",2023-07-12 11:15:54,19600,0.04,Wednesday,11,15,11.25,0,27
https://www.tiktok.com/@soneedo/video/7254308419237072133,22,Call Me Slowed - Dirizt,157600,1469,55300,"['#parati', '#videojuego', '#multijugador', '#fyp', '#roblox', '#robloxfyp', '#terror', '#miedo', '#juego']",2023-07-10 15:41:43,1000000,0.16,Monday,15,41,15.683333333333334,0,22
https://www.tiktok.com/@soneedo/video/7253943885049744646,35,Cupid (Twin Ver.) - FIFTY FIFTY,472,4,152,"['#roblox', '#fyp', '#voicechat', '#multijugador', '#videojuego', '#parati', '#soneedo']",2023-07-09 16:07:08,11800,0.04,Sunday,16,7,16.116666666666667,0,35
https://www.tiktok.com/@soneedo/video/7252844199425477894,23,sonido original - soneedo,146,1,16,"['#risas', '#humornegro', '#multijugador', '#voicechat', '#ligando', '#ligar', '#fyp', '#roblox', '#soneedo']",2023-07-06 16:59:49,5636,0.03,Thursday,16,59,16.983333333333334,0,23
https://www.tiktok.com/@soneedo/video/7252423494317722885,33,sonido original - soneedo,224,6,22,"['#roblox', '#fyp', '#juego', '#videojuego', '#ligar', '#ligando', '#amor', '#voicechat', '#multijugador', '#risas']",2023-07-05 13:47:14,5973,0.04,Wednesday,13,47,13.783333333333333,0,33
https://www.tiktok.com/@soneedo/video/7251703806009068806,27,Creepy and simple horror background music(1070744) - howlingindicator,63600,543,18700,"['#juegos', '#videojuego', '#juego', '#miedo', '#terror', '#fyp', '#roblox', '#soneedo']",2023-07-03 15:14:28,419600,0.15,Monday,15,14,15.233333333333333,0,27
https://www.tiktok.com/@soneedo/video/7250562490520603910,32,Cupid – Twin Ver. (FIFTY FIFTY) – Sped Up Version - sped up 8282,4448,48,1496,"['#terror', '#miedo', '#juego', '#videojuego', '#juegos', '#multijugador', '#roblox', '#soneedo', '#fyp']",2023-06-30 13:25:35,57700,0.08,Friday,13,25,13.416666666666666,0,32
https://www.tiktok.com/@soneedo/video/7249851447649553670,26,Creepy and simple horror background music(1070744) - howlingindicator,7548,74,2536,"['#fyp', '#juegos', '#multijugador', '#videojuego', '#juego', '#miedo', '#terror', '#soneedo', '#roblox']",2023-06-28 15:26:23,66200,0.11,Wednesday,15,26,15.433333333333334,0,26
https://www.tiktok.com/@soneedo/video/7249548928834669830,40,One Piece - YungLex,137,7,18,"['#juego', '#videojuego', '#risas', '#multijugador', '#juegos', '#roblox', '#fyp', '#voicechat']",2023-06-27 19:52:27,4764,0.03,Tuesday,19,52,19.866666666666667,0,40
https://www.tiktok.com/@soneedo/video/7248999854981025029,40,sonido original - soneedo,92,2,13,"['#voicechat', '#juegos', '#multijugador', '#risas', '#soneedo', '#roblox', '#videojuego', '#juego']",2023-06-26 08:21:44,5188,0.02,Monday,8,21,8.35,0,40
https://www.tiktok.com/@soneedo/video/7246946893421415685,0,sonido original - soneedo,732,16,219,"['#videojuegos', '#multiplayer', '#fyp', '#gaming', '#scary', '#miedo', '#roblox', '#soneedo', '#juegos']",2023-06-20 19:35:13,14200,0.05,Tuesday,19,35,19.583333333333332,0,0
https://www.tiktok.com/@soneedo/video/7246556338971479302,26,sonido original - soneedo,97,1,29,"['#gaming', '#fyp', '#multiplayer', '#videojuegos', '#risa', '#minecraft', '#skywars', '#roblox', '#soneedo']",2023-06-19 18:19:41,5494,0.02,Monday,18,19,18.316666666666666,0,26
https://www.tiktok.com/@soneedo/video/7243948791051635974,32,sonido original - soneedo,7595,133,2334,"['#fyp', '#multiplayer', '#fyp', '#gaming', '#madeinabyss', '#anime', '#otaku', '#soneedo']",2023-06-12 17:41:04,68100,0.11,Monday,17,41,17.683333333333334,0,32
https://www.tiktok.com/@soneedo/video/7243118329207016709,56,sonido original - soneedo,316,7,64,"['#multiplayer', '#fyp', '#scary', '#miedo', '#roblox', '#videojuegos', '#soneedo', '#risa', '#']",2023-06-10 11:58:25,6583,0.05,Saturday,11,58,11.966666666666667,0,56
https://www.tiktok.com/@soneedo/video/7242439226745179398,39,Creepy horror ambient(1022762) - howlingindicator,2544,31,863,"['#miedo', '#videonuego', '#scary', '#fyp', '#roblox', '#multiplayer', '#soneedo']",2023-06-08 16:03:10,23400,0.11,Thursday,16,3,16.05,0,39
https://www.tiktok.com/@soneedo/video/7242082777460526342,36,sonido original - soneedo,115,2,12,"['#risa', '#risas', '#soneedo', '#gaming', '#fyp', '#multiplayer', '#roblox', '#miedo', '#videojuegos']",2023-06-07 16:59:59,5075,0.02,Wednesday,16,59,16.983333333333334,0,36
https://www.tiktok.com/@soneedo/video/7242060614569397509,30,sonido original - soneedo,104300,554,27000,"['#miedo', '#videojuego', '#videojuegos', '#scary', '#fyp', '#roblox', '#multiplayer', '#soneedo']",2023-06-07 15:33:59,601100,0.17,Wednesday,15,33,15.55,0,30
https://www.tiktok.com/@soneedo/video/7242035417472666886,36,sonido original - soneedo,93,4,13,"['#risa', '#risas', '#soneedo', '#gaming', '#fyp', '#multiplayer', '#roblox', '#miedo', '#videojuegos']",2023-06-07 13:56:11,4739,0.02,Wednesday,13,56,13.933333333333334,0,36
https://www.tiktok.com/@soneedo/video/7241638588792851718,29,Devil Emperor Phonk - Bgnzinho,3270,44,877,"['#gamer', '#juegos', '#videojuego', '#fyp', '#soneedo', '#roblox', '#multiplayer', '#left4dead2']",2023-06-06 12:16:19,34700,0.09,Tuesday,12,16,12.266666666666667,0,29
https://www.tiktok.com/@soneedo/video/7240607360757042438,26,"Spooky, quiet, scary atmosphere piano songs - Skittlegirl Sound",7067,56,1914,"['#multiplayer', '#fyp', '#fivenightsatfreddy', '#fivenightsatfreddys', '#terror', '#soneedo', '#roblox']",2023-06-03 17:34:36,106100,0.07,Saturday,17,34,17.566666666666666,0,26
https://www.tiktok.com/@soneedo/video/7240223877253582107,26,Creepy and simple horror background music(1070744) - howlingindicator,828,19,243,"['#scary', '#terror', '#roblox', '#videojuegos', '#juego', '#fyp', '#multiplayer', '#juegos', '#soneedo']",2023-06-02 16:46:33,16300,0.05,Friday,16,46,16.766666666666666,0,26
https://www.tiktok.com/@soneedo/video/7239118999752117509,34,Creepy and simple horror background music(1070744) - howlingindicator,54100,372,15500,"['#multiplayer', '#fyp', '#juego', '#videojuegos', '#roblox', '#nomamesestejuegodemiedo', '#terror', '#scary', '#soneedo']",2023-05-30 17:19:01,389000,0.14,Tuesday,17,19,17.316666666666666,0,34
https://www.tiktok.com/@soneedo/video/7237183973808524549,29,Murder 2 - Bgnzinho,22800,241,6138,"['#gamer', '#juegos', '#videojuegos', '#juego', '#fyp', '#soneedo', '#multiplayer']",2023-05-25 12:10:07,224600,0.1,Thursday,12,10,12.166666666666666,0,29
https://www.tiktok.com/@soneedo/video/7236513105566633221,33,Devil Emperor Phonk - Bgnzinho,59700,312,18300,"['#terror', '#multiplayer', '#fyp', '#videojuego', '#miedo', '#juegos', '#nomamesestejuegodemiedo', '#roblox']",2023-05-23 16:46:49,486600,0.12,Tuesday,16,46,16.766666666666666,0,33
https://www.tiktok.com/@soneedo/video/7235790461317762310,41,sonido original - soneedo,168,6,33,"['#miedo', '#videojuego', '#videojuegos', '#scary', '#fyp', '#multiplayer', '#roblox', '#terror', '#soneedo']",2023-05-21 18:02:34,5012,0.03,Sunday,18,2,18.033333333333335,0,41
https://www.tiktok.com/@soneedo/video/7234944974310100230,25,sonido original - soneedo,2439,77,415,"['#multiplayer', '#fyp', '#scary', '#videojuegos', '#videojuego', '#miedo', '#nomamesestejuegodemiedo', '#soneedo', '#juegos']",2023-05-19 11:21:37,27900,0.09,Friday,11,21,11.35,0,25
https://www.tiktok.com/@soneedo/video/7233599839517297926,34,"Spooky, quiet, scary atmosphere piano songs - Skittlegirl Sound",168700,1105,49000,"['#miedo', '#videojuego', '#videojuegos', '#scary', '#fyp', '#roblox', '#multiplayer', '#soneedo']",2023-05-15 20:21:51,1100000,0.15,Monday,20,21,20.35,0,34
https://www.tiktok.com/@soneedo/video/7232082211447590150,29,El Payaso Asesino - Luisa Miedo,1550,25,421,"['#terror', '#fyp', '#soneedo', '#juegos', '#juegos', '#miedo', '#multiplayer', '#nomamesestejuegodemiedo']",2023-05-11 18:12:41,26100,0.06,Thursday,18,12,18.2,0,29
https://www.tiktok.com/@soneedo/video/7231678597470129414,32,"Horror, suspense, weirdness, ghost, UFO - Zassh",62200,829,23000,"['#miedo', '#gamer', '#multiplayer', '#gaming', '#juegos', '#roblox', '#sonee', '#fyp', '#terror']",2023-05-10 16:06:27,419700,0.15,Wednesday,16,6,16.1,0,32
https://www.tiktok.com/@soneedo/video/7230559923678022918,29,Creepy and simple horror background music(1070744) - howlingindicator,118900,1162,40800,"['#multiplayer', '#gaming', '#terror', '#miedo', '#fyp', '#roblox', '#soneedo', '#juegos']",2023-05-07 15:45:26,725500,0.16,Sunday,15,45,15.75,0,29
https://www.tiktok.com/@soneedo/video/7230282855585271045,27,sonido original - soneedo,74,1,5,"['#gaming', '#juego', '#gamer', '#juegos', '#susto', '#miedo', '#fyp', '#terror']",2023-05-06 21:50:17,4674,0.02,Saturday,21,50,21.833333333333332,0,27
https://www.tiktok.com/@soneedo/video/7229881454346505478,52,Epic Music(863502) - Draganov89,287,5,20,"['#fyp', '#juegos', '#gamer', '#videojuego', '#juego', '#gaming', '#sandbox']",2023-05-05 19:52:35,7473,0.04,Friday,19,52,19.866666666666667,0,52
https://www.tiktok.com/@soneedo/video/7229038741795376390,26,Funk Rave - Don´t Let Me Down 140 Bpm - kirtap,101400,678,37200,"['#gamer', '#juegos', '#videojuegos', '#juego', '#fyp', '#soneedo', '#multiplayer']",2023-05-03 13:22:27,868200,0.12,Wednesday,13,22,13.366666666666667,0,26
https://www.tiktok.com/@soneedo/video/7227315653311565061,30,sonido original - soneedo,83,2,4,"['#fyp', '#soneedo', '#juego', '#videojuegos', '#juegos', '#roblox', '#gamer']",2023-04-28 21:56:00,6050,0.01,Friday,21,56,21.933333333333334,0,30
https://www.tiktok.com/@soneedo/video/7227175830835842310,23,Creepy and simple horror background music(1070744) - howlingindicator,49200,579,17300,"['#fyp', '#soneedo', '#juegos', '#multiplayer', '#gamer', '#videojuegos', '#juego', '#roblox', '#terror', '#miedo']",2023-04-28 12:53:24,319800,0.15,Friday,12,53,12.883333333333333,0,23
https://www.tiktok.com/@soneedo/video/7226804849596304645,26,"Spooky, quiet, scary atmosphere piano songs - Skittlegirl Sound",113800,880,28600,"['#juegos', '#multiplayer', '#gamer', '#videojuego', '#juego', '#roblox', '#terror', '#miedo']",2023-04-27 12:53:48,1300000,0.09,Thursday,12,53,12.883333333333333,0,26
https://www.tiktok.com/@soneedo/video/7226144733972778246,21,sonido original - soneedo,535,22,111,"['#juegos', '#multiplayer', '#gamer', '#videojuego', '#juego', '#soneedo', '#roblox']",2023-04-25 18:12:14,18900,0.03,Tuesday,18,12,18.2,0,21
https://www.tiktok.com/@soneedo/video/7225036715797302555,34,sonido original - soneedo,107,3,10,"['#divertido', '#risa', '#risas', '#juego', '#videojuego', '#gamer', '#multiplayer', '#juegos', '#roblox', '#soneedo']",2023-04-22 18:32:34,5087,0.02,Saturday,18,32,18.533333333333335,0,34
https://www.tiktok.com/@soneedo/video/7224291800448568581,30,sonido original - soneedo,4696,55,1536,"['#juego', '#miedo', '#terror', '#videojuego', '#gamer', '#multiplayer', '#juegos', '#roblox', '#soneedo', '#fyp']",2023-04-20 18:21:55,52500,0.09,Thursday,18,21,18.35,0,30
https://www.tiktok.com/@soneedo/video/7224264515528035589,18,sonido original - soneedo,2439,32,653,"['#videojuego', '#gamer', '#multiplayer', '#juegos', '#roblox', '#soneedo', '#fyp', '#divertido']",2023-04-20 16:36:02,52600,0.05,Thursday,16,36,16.6,0,18
https://www.tiktok.com/@soneedo/video/7223528214935719173,32,Edit Phonk (Slowed) - Bgnzinho,32299,262,10800,"['#juego', '#miedo', '#terror', '#fyp', '#soneedo', '#roblox', '#juegos', '#multiplayer', '#gamer', '#videojuego', '#supervivencia']",2023-04-18 16:58:49,266600,0.12,Tuesday,16,58,16.966666666666665,0,32
https://www.tiktok.com/@soneedo/video/7222821836034166022,26,"Spooky, quiet, scary atmosphere piano songs - Skittlegirl Sound",481,48,96,"['#videojuego', '#gamer', '#multiplayer', '#juegos', '#roblox', '#soneedo', '#fyp', '#terror', '#miedo', '#juego']",2023-04-16 19:17:42,9594,0.05,Sunday,19,17,19.283333333333335,0,26
https://www.tiktok.com/@soneedo/video/7222437847486188805,27,Amityville Horror - Scary Halloween Sound Effects - Halloween Sound Effects,685,9,129,"['#videojuegos', '#gaming', '#scary', '#multijugador', '#juegos', '#roblox', '#soneedo', '#fyp', '#terror', '#miedo', '#juego']",2023-04-15 18:27:37,20500,0.03,Saturday,18,27,18.45,0,27
https://www.tiktok.com/@soneedo/video/7222054573865716997,24,"Spooky, quiet, scary atmosphere piano songs - Skittlegirl Sound",167200,1618,52800,"['#juego', '#miedo', '#gamer', '#multiplayer', '#juegos', '#roblox', '#soneedo', '#terror', '#fyp']",2023-04-14 17:40:19,1100000,0.15,Friday,17,40,17.666666666666668,0,24
https://www.tiktok.com/@soneedo/video/7221642774859353350,21,"Spooky, quiet, scary atmosphere piano songs - Skittlegirl Sound",2522,27,602,"['#miedo', '#gamer', '#fyp', '#terror', '#multijugador', '#videojuego', '#juegos', '#roblox', '#soneedo']",2023-04-13 15:02:19,33700,0.07,Thursday,15,2,15.033333333333333,0,21
https://www.tiktok.com/@soneedo/video/7220932680664452357,25,sonido original - soneedo,599,11,147,"['#miedo', '#gamer', '#fyp', '#terror', '#multijugador', '#videojuego', '#juegos', '#roblox', '#soneedo']",2023-04-11 17:06:49,11400,0.05,Tuesday,17,6,17.1,0,25
https://www.tiktok.com/@soneedo/video/7220219492473965829,28,Creepy and simple horror background music(1070744) - howlingindicator,86200,1065,28500,"['#roblox', '#juegos', '#videojuego', '#multijugador', '#terror', '#fyp', '#gamer', '#miedo', '#soneedo']",2023-04-09 18:59:16,497600,0.17,Sunday,18,59,18.983333333333334,0,28
https://www.tiktok.com/@soneedo/video/7219781364067863814,28,sonido original - soneedo,43700,536,13400,"['#miedo', '#gamer', '#fyp', '#terror', '#multijugador', '#videojuego', '#juegos', '#roblox']",2023-04-08 14:39:04,244800,0.18,Saturday,14,39,14.65,0,28
https://www.tiktok.com/@soneedo/video/7219390514863459590,26,"Spooky, quiet, scary atmosphere piano songs - Skittlegirl Sound",2393,581,464,"['#juego', '#juegos', '#videojuego', '#multijugador', '#terror', '#fyp', '#gamer', '#miedo', '#soneedo']",2023-04-07 13:22:23,31600,0.08,Friday,13,22,13.366666666666667,0,26
https://www.tiktok.com/@soneedo/video/7218273976525638917,44,Epic Music(863502) - Draganov89,256,20,27,"['#miedo', '#armas', '#gamer', '#videojuego', '#roblox', '#fyp', '#terror']",2023-04-04 13:09:40,6745,0.04,Tuesday,13,9,13.15,0,44
https://www.tiktok.com/@soneedo/video/7217658121341111557,25,sonido original - soneedo,95,8,20,"['#soneedo', '#juegos', '#videojuego', '#miedo', '#multijugador', '#roblox', '#fyp', '#player']",2023-04-02 21:23:13,4154,0.02,Sunday,21,23,21.383333333333333,0,25
https://www.tiktok.com/@soneedo/video/7216841368440737030,25,"Creepy, scary, horror, synth, tension - Sound Production Gin",130,2,26,"['#videojuegos', '#gamer', '#gaming', '#terror', '#scary', '#miedo', '#roblox', '#multijugador']",2023-03-31 16:30:26,3956,0.03,Friday,16,30,16.5,0,25
https://www.tiktok.com/@soneedo/video/7216812749295193349,25,sonido original - soneedo,51,2,9,"['#miedo', '#terror', '#juegos', '#videojuegos', '#roblox', '#multijugador']",2023-03-31 14:39:22,3386,0.02,Friday,14,39,14.65,0,25
https://www.tiktok.com/@soneedo/video/7216443248330493190,22,"Creepy, scary, horror, synth, tension - Sound Production Gin",110,6,18,"['#soneedo', '#roblox', '#scary', '#videojuego', '#videojuegos', '#gamer', '#juegos', '#fyp']",2023-03-30 14:45:29,3840,0.03,Thursday,14,45,14.75,0,22
https://www.tiktok.com/@soneedo/video/7215644371583061253,25,"Spooky, quiet, scary atmosphere piano songs - Skittlegirl Sound",59,5,8,"['#roblox', '#multijugador', '#juego', '#videojuego', '#videojuegos', '#fyp']",2023-03-28 11:05:27,3153,0.02,Tuesday,11,5,11.083333333333334,0,25
https://www.tiktok.com/@soneedo/video/7215018692596305158,27,Beat Automotivo Tan Tan Tan Viral - WZ Beat,104,1,12,"['#soneedo', '#guerra', '#roblox', '#compracion', '#juegos', '#juego']",2023-03-26 18:37:33,3462,0.03,Sunday,18,37,18.616666666666667,0,27
https://www.tiktok.com/@soneedo/video/7213927512835902726,33,Aesthetic - Tollan Kim,216,9,72,"['#fps', '#first', '#firstperson', '#firstpersonshooter', '#gaming', '#gamer', '#multiplayer', '#multijugador', '#roblox', '#player', '#fy']",2023-03-23 20:03:10,4961,0.04,Thursday,20,3,20.05,0,33
https://www.tiktok.com/@soneedo/video/7213155146405006598,32,Creepy and simple horror background music(1070744) - howlingindicator,12700,159,4234,"['#miedo', '#videojuego', '#scary', '#videojuegos', '#fy', '#roblox', '#player', '#multiplayer', '#gamer']",2023-03-21 18:06:01,102600,0.12,Tuesday,18,6,18.1,0,32
https://www.tiktok.com/@soneedo/video/7210553268177538309,54,Creepy and simple horror background music(1070744) - howlingindicator,525,12,182,"['#roblox', '#jugarroblox', '#juegosroblox', '#juegosenlinea', '#juegosmultijugador', '#gamertiktok', '#tiktokgaming', '#miedo', '#terror', '#pesadillas', '#juegodemiedo', '#videojuegos', '#fy']",2023-03-14 17:49:25,10500,0.05,Tuesday,17,49,17.816666666666666,0,54
https://www.tiktok.com/@soneedo/video/7208542889339555077,57,Lo-Fi analog beat - Gloveity,231,10,62,"['#roblox', '#miedo', '#terror', '#scream', '#gamer', '#videojuego', '#cebolla', '#fy']",2023-03-09 07:48:05,5532,0.04,Thursday,7,48,7.8,0,57
https://www.tiktok.com/@soneedo/video/7207926515051400453,87,sonido original - soneedo,203,0,9,"['#risa', '#comedia', '#humor', '#gamer', '#juegos', '#humoreshumor', '#enano', '#enanos']",2023-03-07 15:56:23,4033,0.05,Tuesday,15,56,15.933333333333334,0,87
https://www.tiktok.com/@soneedo/video/7200457989550099717,37,original sound - soneedo,60,1,16,"['#backdoor', '#humor', '#videojuego', '#gamer', '#secreto', '#miedo', '#terror']",2023-02-15 12:56:56,1749,0.03,Wednesday,12,56,12.933333333333334,0,37
