Zone,Colony,Price,Publication Date,Bedrooms,Bathrooms,Construction Size,Land Size,Floors,Phone,URL
VALLE,LOMAS DEL VALLE,30000000,2024-09-11,3,25,546,1031,1,811-801-4069,https://www.avisosdeocasion.com/Detalle-Inmuebles.aspx?PlazaBusqueda=2&ClaveAviso=32045881&Plaza=2&colonia-inmueble=LOMAS%20DEL%20VALLE&Imagenes=14&idinmueble=3&Grupo=1&Zonas=17&Colonia=0&Recamaras=0&Banios=0&ConInicial=-1&ConFinal=-1&PrecioInicial=-1&PrecioFinal=-1&ChbFoto=0&ChbVideo=0&plantas=0&TerrenoInicial=-1&TerrenoFinal=-1&chkDesc=1&OrderTmp=1&ChbAmueblado=0&Mosaico=0
VALLE,VALLE,15500000,2024-09-10,3,2,289,450,1,8118-01-4069,https://www.avisosdeocasion.com/Detalle-Inmuebles.aspx?PlazaBusqueda=2&ClaveAviso=32045238&Plaza=2&colonia-inmueble=VALLE&Imagenes=28&idinmueble=3&Grupo=1&Zonas=17&Colonia=0&Recamaras=0&Banios=0&ConInicial=-1&ConFinal=-1&PrecioInicial=-1&PrecioFinal=-1&ChbFoto=0&ChbVideo=0&plantas=0&TerrenoInicial=-1&TerrenoFinal=-1&chkDesc=1&OrderTmp=1&ChbAmueblado=0&Mosaico=0
VALLE,LOMAS DEL VALLE,13900000,2024-09-06,3,35,339,240,2,81-1329-2204,https://www.avisosdeocasion.com/Detalle-Inmuebles.aspx?PlazaBusqueda=2&ClaveAviso=32043794&Plaza=2&colonia-inmueble=LOMAS%20DEL%20VALLE&Imagenes=4&idinmueble=3&Grupo=1&Zonas=17&Colonia=0&Recamaras=0&Banios=0&ConInicial=-1&ConFinal=-1&PrecioInicial=-1&PrecioFinal=-1&ChbFoto=0&ChbVideo=0&plantas=0&TerrenoInicial=-1&TerrenoFinal=-1&chkDesc=1&OrderTmp=1&ChbAmueblado=0&Mosaico=0
VALLE,COLINAS DE SAN ANGEL,28900000,2024-09-11,3,3,677,592,4,81-1212-7654,https://www.avisosdeocasion.com/Detalle-Inmuebles.aspx?PlazaBusqueda=2&ClaveAviso=32046146&Plaza=2&colonia-inmueble=COLINAS%20DE%20SAN%20ANGEL&Imagenes=44&idinmueble=3&Grupo=1&Zonas=17&Colonia=0&Recamaras=0&Banios=0&ConInicial=-1&ConFinal=-1&PrecioInicial=-1&PrecioFinal=-1&ChbFoto=0&ChbVideo=0&plantas=0&TerrenoInicial=-1&TerrenoFinal=-1&chkDesc=1&OrderTmp=1&ChbAmueblado=0&Mosaico=0
VALLE,COLONIAL DE LA SIERRA,29520000,2024-08-16,3,55,900,500,4,,https://www.avisosdeocasion.com/Detalle-Inmuebles.aspx?PlazaBusqueda=2&ClaveAviso=32030336&Plaza=2&colonia-inmueble=COLONIAL%20DE%20LA%20SIERRA&Imagenes=26&idinmueble=3&Grupo=1&Zonas=17&Colonia=0&Recamaras=0&Banios=0&ConInicial=-1&ConFinal=-1&PrecioInicial=-1&PrecioFinal=-1&ChbFoto=0&ChbVideo=0&plantas=0&TerrenoInicial=-1&TerrenoFinal=-1&chkDesc=1&OrderTmp=1&ChbAmueblado=0&Mosaico=0
VALLE,LOMAS DEL CAMPESTRE,14500000,2024-08-02,3,25,230,160,2,811-511-77-40,https://www.avisosdeocasion.com/Detalle-Inmuebles.aspx?PlazaBusqueda=2&ClaveAviso=32020962&Plaza=2&colonia-inmueble=LOMAS%20DEL%20CAMPESTRE&Imagenes=40&idinmueble=3&Grupo=1&Zonas=17&Colonia=0&Recamaras=0&Banios=0&ConInicial=-1&ConFinal=-1&PrecioInicial=-1&PrecioFinal=-1&ChbFoto=0&ChbVideo=0&plantas=0&TerrenoInicial=-1&TerrenoFinal=-1&chkDesc=1&OrderTmp=1&ChbAmueblado=0&Mosaico=0
VALLE,VALLE DE CHIPINQUE,15900000,2024-08-13,3,35,260,369,1,818-254-1447,https://www.avisosdeocasion.com/Detalle-Inmuebles.aspx?PlazaBusqueda=2&ClaveAviso=32027072&Plaza=2&colonia-inmueble=VALLE%20DE%20CHIPINQUE&Imagenes=0&idinmueble=3&Grupo=1&Zonas=17&Colonia=0&Recamaras=0&Banios=0&ConInicial=-1&ConFinal=-1&PrecioInicial=-1&PrecioFinal=-1&ChbFoto=0&ChbVideo=0&plantas=0&TerrenoInicial=-1&TerrenoFinal=-1&chkDesc=1&OrderTmp=1&ChbAmueblado=0&Mosaico=0
VALLE,CENTRO DE SAN PEDRO,14800000,2024-08-24,3,35,380,293,2,81-1662-6062,https://www.avisosdeocasion.com/Detalle-Inmuebles.aspx?PlazaBusqueda=2&ClaveAviso=32035072&Plaza=2&colonia-inmueble=CENTRO%20DE%20SAN%20PEDRO&Imagenes=7&idinmueble=3&Grupo=1&Zonas=17&Colonia=0&Recamaras=0&Banios=0&ConInicial=-1&ConFinal=-1&PrecioInicial=-1&PrecioFinal=-1&ChbFoto=0&ChbVideo=0&plantas=0&TerrenoInicial=-1&TerrenoFinal=-1&chkDesc=1&OrderTmp=1&ChbAmueblado=0&Mosaico=0
VALLE,JERONIMO SILLER,47900000,2024-09-06,3,4,715,515,2,81-1022-7139,https://www.avisosdeocasion.com/Detalle-Inmuebles.aspx?PlazaBusqueda=2&ClaveAviso=32043873&Plaza=2&colonia-inmueble=JERONIMO%20SILLER&Imagenes=12&idinmueble=3&Grupo=1&Zonas=17&Colonia=0&Recamaras=0&Banios=0&ConInicial=-1&ConFinal=-1&PrecioInicial=-1&PrecioFinal=-1&ChbFoto=0&ChbVideo=0&plantas=0&TerrenoInicial=-1&TerrenoFinal=-1&chkDesc=1&OrderTmp=1&ChbAmueblado=0&Mosaico=0
VALLE,FUENTES DEL VALLE Ce...,14500000,2024-09-06,4,55,429,370,2,81-8709-4211,https://www.avisosdeocasion.com/Detalle-Inmuebles.aspx?PlazaBusqueda=2&ClaveAviso=32043923&Plaza=2&colonia-inmueble=FUENTES%20DEL%20VALLE%20Centrito&Imagenes=13&idinmueble=3&Grupo=1&Zonas=17&Colonia=0&Recamaras=0&Banios=0&ConInicial=-1&ConFinal=-1&PrecioInicial=-1&PrecioFinal=-1&ChbFoto=0&ChbVideo=0&plantas=0&TerrenoInicial=-1&TerrenoFinal=-1&chkDesc=1&OrderTmp=1&ChbAmueblado=0&Mosaico=0
VALLE,RENACIMIENTO,38000000,2024-08-28,3,45,1050,1250,3,81-1065-9668,https://www.avisosdeocasion.com/Detalle-Inmuebles.aspx?PlazaBusqueda=2&ClaveAviso=32036406&Plaza=2&colonia-inmueble=RENACIMIENTO&Imagenes=22&idinmueble=3&Grupo=1&Zonas=17&Colonia=0&Recamaras=0&Banios=0&ConInicial=-1&ConFinal=-1&PrecioInicial=-1&PrecioFinal=-1&ChbFoto=0&ChbVideo=0&plantas=0&TerrenoInicial=-1&TerrenoFinal=-1&chkDesc=1&OrderTmp=1&ChbAmueblado=0&Mosaico=0
VALLE,SAN PATRICIO,46000000,2024-08-25,3,55,830,760,3,81-1066-3137,https://www.avisosdeocasion.com/Detalle-Inmuebles.aspx?PlazaBusqueda=2&ClaveAviso=32035684&Plaza=2&colonia-inmueble=SAN%20PATRICIO&Imagenes=16&idinmueble=3&Grupo=1&Zonas=17&Colonia=0&Recamaras=0&Banios=0&ConInicial=-1&ConFinal=-1&PrecioInicial=-1&PrecioFinal=-1&ChbFoto=0&ChbVideo=0&plantas=0&TerrenoInicial=-1&TerrenoFinal=-1&chkDesc=1&OrderTmp=1&ChbAmueblado=0&Mosaico=0
VALLE,COLINAS DE SAN ANGEL...,3000000,2024-09-11,5,6,640,1214,3,81-1212-7654,https://www.avisosdeocasion.com/Detalle-Inmuebles.aspx?PlazaBusqueda=2&ClaveAviso=32046148&Plaza=2&colonia-inmueble=COLINAS%20DE%20SAN%20ANGEL%20SECTOR%20BOSQUES&Imagenes=20&idinmueble=3&Grupo=1&Zonas=17&Colonia=0&Recamaras=0&Banios=0&ConInicial=-1&ConFinal=-1&PrecioInicial=-1&PrecioFinal=-1&ChbFoto=0&ChbVideo=0&plantas=0&TerrenoInicial=-1&TerrenoFinal=-1&chkDesc=1&OrderTmp=1&ChbAmueblado=0&Mosaico=0
VALLE,VALLE DE SAN ANGEL,22450000,2024-08-17,3,45,385,232,4,81-2093-2439,https://www.avisosdeocasion.com/Detalle-Inmuebles.aspx?PlazaBusqueda=2&ClaveAviso=32030969&Plaza=2&colonia-inmueble=VALLE%20DE%20SAN%20ANGEL&Imagenes=7&idinmueble=3&Grupo=1&Zonas=17&Colonia=0&Recamaras=0&Banios=0&ConInicial=-1&ConFinal=-1&PrecioInicial=-1&PrecioFinal=-1&ChbFoto=0&ChbVideo=0&plantas=0&TerrenoInicial=-1&TerrenoFinal=-1&chkDesc=1&OrderTmp=1&ChbAmueblado=0&Mosaico=0
VALLE,COLONIAL SAN AGUSTIN,15800000,2024-08-24,3,35,390,264,2,81-1212-4474,https://www.avisosdeocasion.com/Detalle-Inmuebles.aspx?PlazaBusqueda=2&ClaveAviso=32035513&Plaza=2&colonia-inmueble=COLONIAL%20SAN%20AGUSTIN&Imagenes=7&idinmueble=3&Grupo=1&Zonas=17&Colonia=0&Recamaras=0&Banios=0&ConInicial=-1&ConFinal=-1&PrecioInicial=-1&PrecioFinal=-1&ChbFoto=0&ChbVideo=0&plantas=0&TerrenoInicial=-1&TerrenoFinal=-1&chkDesc=1&OrderTmp=1&ChbAmueblado=0&Mosaico=0
VALLE,JARDINES DE SAN AGUSTIN,26850000,2024-09-03,3,55,550,320,3,81-2858-1294,https://www.avisosdeocasion.com/Detalle-Inmuebles.aspx?PlazaBusqueda=2&ClaveAviso=32040236&Plaza=2&colonia-inmueble=JARDINES%20DE%20SAN%20AGUSTIN&Imagenes=13&idinmueble=3&Grupo=1&Zonas=17&Colonia=0&Recamaras=0&Banios=0&ConInicial=-1&ConFinal=-1&PrecioInicial=-1&PrecioFinal=-1&ChbFoto=0&ChbVideo=0&plantas=0&TerrenoInicial=-1&TerrenoFinal=-1&chkDesc=1&OrderTmp=1&ChbAmueblado=0&Mosaico=0
VALLE,DEL VALLE,24000000,2024-08-25,3,4,455,450,2,81-1250-9946,https://www.avisosdeocasion.com/Detalle-Inmuebles.aspx?PlazaBusqueda=2&ClaveAviso=32035653&Plaza=2&colonia-inmueble=DEL%20VALLE&Imagenes=7&idinmueble=3&Grupo=1&Zonas=17&Colonia=0&Recamaras=0&Banios=0&ConInicial=-1&ConFinal=-1&PrecioInicial=-1&PrecioFinal=-1&ChbFoto=0&ChbVideo=0&plantas=0&TerrenoInicial=-1&TerrenoFinal=-1&chkDesc=1&OrderTmp=1&ChbAmueblado=0&Mosaico=0
VALLE,OLINALA,28000000,2024-08-16,5,65,510,1290,3,81-3121-6017,https://www.avisosdeocasion.com/Detalle-Inmuebles.aspx?PlazaBusqueda=2&ClaveAviso=32030124&Plaza=2&colonia-inmueble=OLINALA&Imagenes=32&idinmueble=3&Grupo=1&Zonas=17&Colonia=0&Recamaras=0&Banios=0&ConInicial=-1&ConFinal=-1&PrecioInicial=-1&PrecioFinal=-1&ChbFoto=0&ChbVideo=0&plantas=0&TerrenoInicial=-1&TerrenoFinal=-1&chkDesc=1&OrderTmp=1&ChbAmueblado=0&Mosaico=0
VALLE,HACIENDA SAN AGUSTIN,29800000,2024-07-19,3,55,400,432,2,81-1599-3695,https://www.avisosdeocasion.com/Detalle-Inmuebles.aspx?PlazaBusqueda=2&ClaveAviso=32012474&Plaza=2&colonia-inmueble=HACIENDA%20SAN%20AGUSTIN&Imagenes=8&idinmueble=3&Grupo=1&Zonas=17&Colonia=0&Recamaras=0&Banios=0&ConInicial=-1&ConFinal=-1&PrecioInicial=-1&PrecioFinal=-1&ChbFoto=0&ChbVideo=0&plantas=0&TerrenoInicial=-1&TerrenoFinal=-1&chkDesc=1&OrderTmp=1&ChbAmueblado=0&Mosaico=0
VALLE,DEL VALLE SECTOR LOS...,57000000,2024-08-31,3,4,600,1500,1,818-396-1192,https://www.avisosdeocasion.com/Detalle-Inmuebles.aspx?PlazaBusqueda=2&ClaveAviso=32039600&Plaza=2&colonia-inmueble=DEL%20VALLE%20SECTOR%20LOS%20RIOS&Imagenes=14&idinmueble=3&Grupo=1&Zonas=17&Colonia=0&Recamaras=0&Banios=0&ConInicial=-1&ConFinal=-1&PrecioInicial=-1&PrecioFinal=-1&ChbFoto=0&ChbVideo=0&plantas=0&TerrenoInicial=-1&TerrenoFinal=-1&chkDesc=1&OrderTmp=1&ChbAmueblado=0&Mosaico=0
VALLE,DEL VALLE Rios,18500000,2024-09-06,3,45,407,450,1,81-3114-2550,https://www.avisosdeocasion.com/Detalle-Inmuebles.aspx?PlazaBusqueda=2&ClaveAviso=32043386&Plaza=2&colonia-inmueble=DEL%20VALLE%20Rios&Imagenes=18&idinmueble=3&Grupo=1&Zonas=17&Colonia=0&Recamaras=0&Banios=0&ConInicial=-1&ConFinal=-1&PrecioInicial=-1&PrecioFinal=-1&ChbFoto=0&ChbVideo=0&plantas=0&TerrenoInicial=-1&TerrenoFinal=-1&chkDesc=1&OrderTmp=1&ChbAmueblado=0&Mosaico=0
VALLE,COLINAS DEL VALLE,8000000,2024-08-15,3,35,405,169,3,811-213-40-01,https://www.avisosdeocasion.com/Detalle-Inmuebles.aspx?PlazaBusqueda=2&ClaveAviso=32027148&Plaza=2&colonia-inmueble=COLINAS%20DEL%20VALLE&Imagenes=1&idinmueble=3&Grupo=1&Zonas=17&Colonia=0&Recamaras=0&Banios=0&ConInicial=-1&ConFinal=-1&PrecioInicial=-1&PrecioFinal=-1&ChbFoto=0&ChbVideo=0&plantas=0&TerrenoInicial=-1&TerrenoFinal=-1&chkDesc=1&OrderTmp=1&ChbAmueblado=0&Mosaico=0
VALLE,RENACIMIENTO,65000000,2024-07-26,3,45,865,1949,1,81-2040-2040,https://www.avisosdeocasion.com/Detalle-Inmuebles.aspx?PlazaBusqueda=2&ClaveAviso=32016293&Plaza=2&colonia-inmueble=RENACIMIENTO&Imagenes=33&idinmueble=3&Grupo=1&Zonas=17&Colonia=0&Recamaras=0&Banios=0&ConInicial=-1&ConFinal=-1&PrecioInicial=-1&PrecioFinal=-1&ChbFoto=0&ChbVideo=0&plantas=0&TerrenoInicial=-1&TerrenoFinal=-1&chkDesc=1&OrderTmp=1&ChbAmueblado=0&Mosaico=0
VALLE,RESIDENCIAL CANTERA ...,6800000,2024-08-31,3,45,253,106,3,81-1516-1876,https://www.avisosdeocasion.com/Detalle-Inmuebles.aspx?PlazaBusqueda=2&ClaveAviso=32039707&Plaza=2&colonia-inmueble=RESIDENCIAL%20CANTERA%20Valle%20Oriente&Imagenes=5&idinmueble=3&Grupo=1&Zonas=17&Colonia=0&Recamaras=0&Banios=0&ConInicial=-1&ConFinal=-1&PrecioInicial=-1&PrecioFinal=-1&ChbFoto=0&ChbVideo=0&plantas=0&TerrenoInicial=-1&TerrenoFinal=-1&chkDesc=1&OrderTmp=1&ChbAmueblado=0&Mosaico=0
VALLE,LOS COLORINES,17950000,2024-07-19,4,45,609,389,3,818-362-53-80,https://www.avisosdeocasion.com/Detalle-Inmuebles.aspx?PlazaBusqueda=2&ClaveAviso=32012476&Plaza=2&colonia-inmueble=LOS%20COLORINES&Imagenes=18&idinmueble=3&Grupo=1&Zonas=17&Colonia=0&Recamaras=0&Banios=0&ConInicial=-1&ConFinal=-1&PrecioInicial=-1&PrecioFinal=-1&ChbFoto=0&ChbVideo=0&plantas=0&TerrenoInicial=-1&TerrenoFinal=-1&chkDesc=1&OrderTmp=1&ChbAmueblado=0&Mosaico=0
VALLE,FUENTES DEL VALLE,40000000,2024-09-03,5,7,800,1200,2,,https://www.avisosdeocasion.com/Detalle-Inmuebles.aspx?PlazaBusqueda=2&ClaveAviso=32040436&Plaza=2&colonia-inmueble=FUENTES%20DEL%20VALLE&Imagenes=32&idinmueble=3&Grupo=1&Zonas=17&Colonia=0&Recamaras=0&Banios=0&ConInicial=-1&ConFinal=-1&PrecioInicial=-1&PrecioFinal=-1&ChbFoto=0&ChbVideo=0&plantas=0&TerrenoInicial=-1&TerrenoFinal=-1&chkDesc=1&OrderTmp=1&ChbAmueblado=0&Mosaico=0
VALLE,HACIENDA EL ROSARIO,21800000,2024-08-22,3,45,392,221,3,81-1599-6475,https://www.avisosdeocasion.com/Detalle-Inmuebles.aspx?PlazaBusqueda=2&ClaveAviso=32032525&Plaza=2&colonia-inmueble=HACIENDA%20EL%20ROSARIO&Imagenes=13&idinmueble=3&Grupo=1&Zonas=17&Colonia=0&Recamaras=0&Banios=0&ConInicial=-1&ConFinal=-1&PrecioInicial=-1&PrecioFinal=-1&ChbFoto=0&ChbVideo=0&plantas=0&TerrenoInicial=-1&TerrenoFinal=-1&chkDesc=1&OrderTmp=1&ChbAmueblado=0&Mosaico=0
VALLE,LAS MONTAÑAS VALLE PTE,13500000,2024-08-31,3,5,360,200,3,81-1044-0499,https://www.avisosdeocasion.com/Detalle-Inmuebles.aspx?PlazaBusqueda=2&ClaveAviso=32039574&Plaza=2&colonia-inmueble=LAS%20MONTA%C3%91AS%20VALLE%20PTE&Imagenes=10&idinmueble=3&Grupo=1&Zonas=17&Colonia=0&Recamaras=0&Banios=0&ConInicial=-1&ConFinal=-1&PrecioInicial=-1&PrecioFinal=-1&ChbFoto=0&ChbVideo=0&plantas=0&TerrenoInicial=-1&TerrenoFinal=-1&chkDesc=1&OrderTmp=1&ChbAmueblado=0&Mosaico=0
VALLE,HACIENDA EL ROSARIO,21600000,2024-08-22,3,45,353,216,3,81-1599-6475,https://www.avisosdeocasion.com/Detalle-Inmuebles.aspx?PlazaBusqueda=2&ClaveAviso=32032550&Plaza=2&colonia-inmueble=HACIENDA%20EL%20ROSARIO&Imagenes=19&idinmueble=3&Grupo=1&Zonas=17&Colonia=0&Recamaras=0&Banios=0&ConInicial=-1&ConFinal=-1&PrecioInicial=-1&PrecioFinal=-1&ChbFoto=0&ChbVideo=0&plantas=0&TerrenoInicial=-1&TerrenoFinal=-1&chkDesc=1&OrderTmp=1&ChbAmueblado=0&Mosaico=0
VALLE,DEL VALLE,8975000,2024-08-18,3,25,230,210,2,812-001-45-04,https://www.avisosdeocasion.com/Detalle-Inmuebles.aspx?PlazaBusqueda=2&ClaveAviso=32031023&Plaza=2&colonia-inmueble=DEL%20VALLE&Imagenes=21&idinmueble=3&Grupo=1&Zonas=17&Colonia=0&Recamaras=0&Banios=0&ConInicial=-1&ConFinal=-1&PrecioInicial=-1&PrecioFinal=-1&ChbFoto=0&ChbVideo=0&plantas=0&TerrenoInicial=-1&TerrenoFinal=-1&chkDesc=1&OrderTmp=1&ChbAmueblado=0&Mosaico=0
VALLE,DEL VALLE LOS RIOS,8975000,2024-08-16,3,25,230,210,2,81-1911-67-42,https://www.avisosdeocasion.com/Detalle-Inmuebles.aspx?PlazaBusqueda=2&ClaveAviso=32031011&Plaza=2&colonia-inmueble=DEL%20VALLE%20LOS%20RIOS&Imagenes=10&idinmueble=3&Grupo=1&Zonas=17&Colonia=0&Recamaras=0&Banios=0&ConInicial=-1&ConFinal=-1&PrecioInicial=-1&PrecioFinal=-1&ChbFoto=0&ChbVideo=0&plantas=0&TerrenoInicial=-1&TerrenoFinal=-1&chkDesc=1&OrderTmp=1&ChbAmueblado=0&Mosaico=0
VALLE,SAN AGUSTIN CAMPESTRE,59930000,2024-08-18,4,55,1030,1121,3,811-029-10-68,https://www.avisosdeocasion.com/Detalle-Inmuebles.aspx?PlazaBusqueda=2&ClaveAviso=32031122&Plaza=2&colonia-inmueble=SAN%20AGUSTIN%20CAMPESTRE&Imagenes=4&idinmueble=3&Grupo=1&Zonas=17&Colonia=0&Recamaras=0&Banios=0&ConInicial=-1&ConFinal=-1&PrecioInicial=-1&PrecioFinal=-1&ChbFoto=0&ChbVideo=0&plantas=0&TerrenoInicial=-1&TerrenoFinal=-1&chkDesc=1&OrderTmp=1&ChbAmueblado=0&Mosaico=0
VALLE,CASCO DE SAN PEDRO,14000000,2024-09-04,3,3,383,405,2,81-1080-4304,https://www.avisosdeocasion.com/Detalle-Inmuebles.aspx?PlazaBusqueda=2&ClaveAviso=32041097&Plaza=2&colonia-inmueble=CASCO%20DE%20SAN%20PEDRO&Imagenes=1&idinmueble=3&Grupo=1&Zonas=17&Colonia=0&Recamaras=0&Banios=0&ConInicial=-1&ConFinal=-1&PrecioInicial=-1&PrecioFinal=-1&ChbFoto=0&ChbVideo=0&plantas=0&TerrenoInicial=-1&TerrenoFinal=-1&chkDesc=1&OrderTmp=1&ChbAmueblado=0&Mosaico=0
VALLE,CAPELLANIA,51000000,2024-08-17,3,4,800,1289,2,811-781-43-68,https://www.avisosdeocasion.com/Detalle-Inmuebles.aspx?PlazaBusqueda=2&ClaveAviso=32030818&Plaza=2&colonia-inmueble=CAPELLANIA&Imagenes=0&idinmueble=3&Grupo=1&Zonas=17&Colonia=0&Recamaras=0&Banios=0&ConInicial=-1&ConFinal=-1&PrecioInicial=-1&PrecioFinal=-1&ChbFoto=0&ChbVideo=0&plantas=0&TerrenoInicial=-1&TerrenoFinal=-1&chkDesc=1&OrderTmp=1&ChbAmueblado=0&Mosaico=0
VALLE,CARRIZALEJO,53000000,2024-09-05,4,8,760,1155,3,811-508-4675,https://www.avisosdeocasion.com/Detalle-Inmuebles.aspx?PlazaBusqueda=2&ClaveAviso=32043213&Plaza=2&colonia-inmueble=CARRIZALEJO&Imagenes=18&idinmueble=3&Grupo=1&Zonas=17&Colonia=0&Recamaras=0&Banios=0&ConInicial=-1&ConFinal=-1&PrecioInicial=-1&PrecioFinal=-1&ChbFoto=0&ChbVideo=0&plantas=0&TerrenoInicial=-1&TerrenoFinal=-1&chkDesc=1&OrderTmp=1&ChbAmueblado=0&Mosaico=0
VALLE,RESIDENCIAL SAN AGUS...,39900000,2024-09-06,4,35,571,922,2,81-1076-7066,https://www.avisosdeocasion.com/Detalle-Inmuebles.aspx?PlazaBusqueda=2&ClaveAviso=32043858&Plaza=2&colonia-inmueble=RESIDENCIAL%20SAN%20AGUSTIN%20Antiguo%20Camino%20San%20Agustin&Imagenes=33&idinmueble=3&Grupo=1&Zonas=17&Colonia=0&Recamaras=0&Banios=0&ConInicial=-1&ConFinal=-1&PrecioInicial=-1&PrecioFinal=-1&ChbFoto=0&ChbVideo=0&plantas=0&TerrenoInicial=-1&TerrenoFinal=-1&chkDesc=1&OrderTmp=1&ChbAmueblado=0&Mosaico=0
VALLE,BOSQUES DEL VALLE Ce...,13800000,2024-09-06,3,25,294,378,1,81-8309-7205,https://www.avisosdeocasion.com/Detalle-Inmuebles.aspx?PlazaBusqueda=2&ClaveAviso=32043734&Plaza=2&colonia-inmueble=BOSQUES%20DEL%20VALLE%20Cercana%20a%20Fatima&Imagenes=14&idinmueble=3&Grupo=1&Zonas=17&Colonia=0&Recamaras=0&Banios=0&ConInicial=-1&ConFinal=-1&PrecioInicial=-1&PrecioFinal=-1&ChbFoto=0&ChbVideo=0&plantas=0&TerrenoInicial=-1&TerrenoFinal=-1&chkDesc=1&OrderTmp=1&ChbAmueblado=0&Mosaico=0
VALLE,LA VENTANA,36000000,2024-08-31,4,65,827,982,2,818-362-55-13,https://www.avisosdeocasion.com/Detalle-Inmuebles.aspx?PlazaBusqueda=2&ClaveAviso=32039511&Plaza=2&colonia-inmueble=LA%20VENTANA&Imagenes=10&idinmueble=3&Grupo=1&Zonas=17&Colonia=0&Recamaras=0&Banios=0&ConInicial=-1&ConFinal=-1&PrecioInicial=-1&PrecioFinal=-1&ChbFoto=0&ChbVideo=0&plantas=0&TerrenoInicial=-1&TerrenoFinal=-1&chkDesc=1&OrderTmp=1&ChbAmueblado=0&Mosaico=0
VALLE,RESIDENCIAL CHIPINQUE,25000000,2024-08-01,2,25,693,755,1,81-8253-1455,https://www.avisosdeocasion.com/Detalle-Inmuebles.aspx?PlazaBusqueda=2&ClaveAviso=32019024&Plaza=2&colonia-inmueble=RESIDENCIAL%20CHIPINQUE&Imagenes=9&idinmueble=3&Grupo=1&Zonas=17&Colonia=0&Recamaras=0&Banios=0&ConInicial=-1&ConFinal=-1&PrecioInicial=-1&PrecioFinal=-1&ChbFoto=0&ChbVideo=0&plantas=0&TerrenoInicial=-1&TerrenoFinal=-1&chkDesc=1&OrderTmp=1&ChbAmueblado=0&Mosaico=0
VALLE,OLINCA,15500000,2024-08-26,3,45,339,215,3,811-225-52-92,https://www.avisosdeocasion.com/Detalle-Inmuebles.aspx?PlazaBusqueda=2&ClaveAviso=32035795&Plaza=2&colonia-inmueble=OLINCA&Imagenes=18&idinmueble=3&Grupo=1&Zonas=17&Colonia=0&Recamaras=0&Banios=0&ConInicial=-1&ConFinal=-1&PrecioInicial=-1&PrecioFinal=-1&ChbFoto=0&ChbVideo=0&plantas=0&TerrenoInicial=-1&TerrenoFinal=-1&chkDesc=1&OrderTmp=1&ChbAmueblado=0&Mosaico=0
VALLE,JARDINES DE MIRASIERRA,11900000,2024-08-14,3,35,300,200,2,81-1212-7654,https://www.avisosdeocasion.com/Detalle-Inmuebles.aspx?PlazaBusqueda=2&ClaveAviso=32027568&Plaza=2&colonia-inmueble=JARDINES%20DE%20MIRASIERRA&Imagenes=7&idinmueble=3&Grupo=1&Zonas=17&Colonia=0&Recamaras=0&Banios=0&ConInicial=-1&ConFinal=-1&PrecioInicial=-1&PrecioFinal=-1&ChbFoto=0&ChbVideo=0&plantas=0&TerrenoInicial=-1&TerrenoFinal=-1&chkDesc=1&OrderTmp=1&ChbAmueblado=0&Mosaico=0
VALLE,BOSQUES DEL VALLE,37500000,2024-08-07,4,55,695,472,2,81-1977-6741,https://www.avisosdeocasion.com/Detalle-Inmuebles.aspx?PlazaBusqueda=2&ClaveAviso=32022519&Plaza=2&colonia-inmueble=BOSQUES%20DEL%20VALLE&Imagenes=22&idinmueble=3&Grupo=1&Zonas=17&Colonia=0&Recamaras=0&Banios=0&ConInicial=-1&ConFinal=-1&PrecioInicial=-1&PrecioFinal=-1&ChbFoto=0&ChbVideo=0&plantas=0&TerrenoInicial=-1&TerrenoFinal=-1&chkDesc=1&OrderTmp=1&ChbAmueblado=0&Mosaico=0
VALLE,DEL CARMEN,10890000,2024-07-18,2,25,279,408,1,81-1487-41-40,https://www.avisosdeocasion.com/Detalle-Inmuebles.aspx?PlazaBusqueda=2&ClaveAviso=32010021&Plaza=2&colonia-inmueble=DEL%20CARMEN&Imagenes=24&idinmueble=3&Grupo=1&Zonas=17&Colonia=0&Recamaras=0&Banios=0&ConInicial=-1&ConFinal=-1&PrecioInicial=-1&PrecioFinal=-1&ChbFoto=0&ChbVideo=0&plantas=0&TerrenoInicial=-1&TerrenoFinal=-1&chkDesc=1&OrderTmp=1&ChbAmueblado=0&Mosaico=0
VALLE,LOS RIOS,22000000,2024-09-06,4,55,697,500,2,8112-25-52-92,https://www.avisosdeocasion.com/Detalle-Inmuebles.aspx?PlazaBusqueda=2&ClaveAviso=32043821&Plaza=2&colonia-inmueble=LOS%20RIOS&Imagenes=10&idinmueble=3&Grupo=1&Zonas=17&Colonia=0&Recamaras=0&Banios=0&ConInicial=-1&ConFinal=-1&PrecioInicial=-1&PrecioFinal=-1&ChbFoto=0&ChbVideo=0&plantas=0&TerrenoInicial=-1&TerrenoFinal=-1&chkDesc=1&OrderTmp=1&ChbAmueblado=0&Mosaico=0
VALLE,OLINCA,14900000,2024-09-11,3,3,333,210,3,81-1212-7654,https://www.avisosdeocasion.com/Detalle-Inmuebles.aspx?PlazaBusqueda=2&ClaveAviso=32046138&Plaza=2&colonia-inmueble=OLINCA&Imagenes=17&idinmueble=3&Grupo=1&Zonas=17&Colonia=0&Recamaras=0&Banios=0&ConInicial=-1&ConFinal=-1&PrecioInicial=-1&PrecioFinal=-1&ChbFoto=0&ChbVideo=0&plantas=0&TerrenoInicial=-1&TerrenoFinal=-1&chkDesc=1&OrderTmp=1&ChbAmueblado=0&Mosaico=0
VALLE,RESIDENCIAL CHIPINQUE,23000000,2024-09-13,4,55,340,350,2,81-8378-6671,https://www.avisosdeocasion.com/Detalle-Inmuebles.aspx?PlazaBusqueda=2&ClaveAviso=32048568&Plaza=2&colonia-inmueble=RESIDENCIAL%20CHIPINQUE&Imagenes=28&idinmueble=3&Grupo=1&Zonas=17&Colonia=0&Recamaras=0&Banios=0&ConInicial=-1&ConFinal=-1&PrecioInicial=-1&PrecioFinal=-1&ChbFoto=0&ChbVideo=0&plantas=0&TerrenoInicial=-1&TerrenoFinal=-1&chkDesc=1&OrderTmp=1&ChbAmueblado=0&Mosaico=0
VALLE,COLONIAL DE LA SIERRA,17950000,2024-08-20,4,45,585,385,3,818-303-13-55,https://www.avisosdeocasion.com/Detalle-Inmuebles.aspx?PlazaBusqueda=2&ClaveAviso=32031537&Plaza=2&colonia-inmueble=COLONIAL%20DE%20LA%20SIERRA&Imagenes=10&idinmueble=3&Grupo=1&Zonas=17&Colonia=0&Recamaras=0&Banios=0&ConInicial=-1&ConFinal=-1&PrecioInicial=-1&PrecioFinal=-1&ChbFoto=0&ChbVideo=0&plantas=0&TerrenoInicial=-1&TerrenoFinal=-1&chkDesc=1&OrderTmp=1&ChbAmueblado=0&Mosaico=0
VALLE,LOS RIOS,23500000,2024-08-14,3,35,300,450,1,811-544-82-15,https://www.avisosdeocasion.com/Detalle-Inmuebles.aspx?PlazaBusqueda=2&ClaveAviso=32027358&Plaza=2&colonia-inmueble=LOS%20RIOS&Imagenes=3&idinmueble=3&Grupo=1&Zonas=17&Colonia=0&Recamaras=0&Banios=0&ConInicial=-1&ConFinal=-1&PrecioInicial=-1&PrecioFinal=-1&ChbFoto=0&ChbVideo=0&plantas=0&TerrenoInicial=-1&TerrenoFinal=-1&chkDesc=1&OrderTmp=1&ChbAmueblado=0&Mosaico=0
VALLE,JARDINES DEL CAMPESTRE,34856600,2024-08-27,3,35,450,878,1,81-8602-8586,https://www.avisosdeocasion.com/Detalle-Inmuebles.aspx?PlazaBusqueda=2&ClaveAviso=32036197&Plaza=2&colonia-inmueble=JARDINES%20DEL%20CAMPESTRE&Imagenes=11&idinmueble=3&Grupo=1&Zonas=17&Colonia=0&Recamaras=0&Banios=0&ConInicial=-1&ConFinal=-1&PrecioInicial=-1&PrecioFinal=-1&ChbFoto=0&ChbVideo=0&plantas=0&TerrenoInicial=-1&TerrenoFinal=-1&chkDesc=1&OrderTmp=1&ChbAmueblado=0&Mosaico=0
VALLE,FUENTES DEL VALLE,16950000,2024-07-28,3,45,380,400,2,81-8019-8518,https://www.avisosdeocasion.com/Detalle-Inmuebles.aspx?PlazaBusqueda=2&ClaveAviso=32017356&Plaza=2&colonia-inmueble=FUENTES%20DEL%20VALLE&Imagenes=25&idinmueble=3&Grupo=1&Zonas=17&Colonia=0&Recamaras=0&Banios=0&ConInicial=-1&ConFinal=-1&PrecioInicial=-1&PrecioFinal=-1&ChbFoto=0&ChbVideo=0&plantas=0&TerrenoInicial=-1&TerrenoFinal=-1&chkDesc=1&OrderTmp=1&ChbAmueblado=0&Mosaico=0
VALLE,COLINAS DEL VALLE,12900000,2024-08-20,3,55,500,180,4,81-8259-9933,https://www.avisosdeocasion.com/Detalle-Inmuebles.aspx?PlazaBusqueda=2&ClaveAviso=32031315&Plaza=2&colonia-inmueble=COLINAS%20DEL%20VALLE&Imagenes=21&idinmueble=3&Grupo=1&Zonas=17&Colonia=0&Recamaras=0&Banios=0&ConInicial=-1&ConFinal=-1&PrecioInicial=-1&PrecioFinal=-1&ChbFoto=0&ChbVideo=0&plantas=0&TerrenoInicial=-1&TerrenoFinal=-1&chkDesc=1&OrderTmp=1&ChbAmueblado=0&Mosaico=0
VALLE,RESIDENCIAL CORDILLE...,26000000,2024-09-07,3,5,623,528,3,81-2368-4359,https://www.avisosdeocasion.com/Detalle-Inmuebles.aspx?PlazaBusqueda=2&ClaveAviso=32044183&Plaza=2&colonia-inmueble=RESIDENCIAL%20CORDILLERA%20VALLE%20PONIENTE&Imagenes=6&idinmueble=3&Grupo=1&Zonas=17&Colonia=0&Recamaras=0&Banios=0&ConInicial=-1&ConFinal=-1&PrecioInicial=-1&PrecioFinal=-1&ChbFoto=0&ChbVideo=0&plantas=0&TerrenoInicial=-1&TerrenoFinal=-1&chkDesc=1&OrderTmp=1&ChbAmueblado=0&Mosaico=0
VALLE,LOMAS DE MONTECRISTO,15300000,2024-08-12,3,45,395,200,3,81-1064-9195,https://www.avisosdeocasion.com/Detalle-Inmuebles.aspx?PlazaBusqueda=2&ClaveAviso=32026442&Plaza=2&colonia-inmueble=LOMAS%20DE%20MONTECRISTO&Imagenes=10&idinmueble=3&Grupo=1&Zonas=17&Colonia=0&Recamaras=0&Banios=0&ConInicial=-1&ConFinal=-1&PrecioInicial=-1&PrecioFinal=-1&ChbFoto=0&ChbVideo=0&plantas=0&TerrenoInicial=-1&TerrenoFinal=-1&chkDesc=1&OrderTmp=1&ChbAmueblado=0&Mosaico=0
VALLE,LOMAS DEL VALLE,15900000,2024-08-21,2,25,260,405,1,81-1166-1171,https://www.avisosdeocasion.com/Detalle-Inmuebles.aspx?PlazaBusqueda=2&ClaveAviso=32032001&Plaza=2&colonia-inmueble=LOMAS%20DEL%20VALLE&Imagenes=9&idinmueble=3&Grupo=1&Zonas=17&Colonia=0&Recamaras=0&Banios=0&ConInicial=-1&ConFinal=-1&PrecioInicial=-1&PrecioFinal=-1&ChbFoto=0&ChbVideo=0&plantas=0&TerrenoInicial=-1&TerrenoFinal=-1&chkDesc=1&OrderTmp=1&ChbAmueblado=0&Mosaico=0
VALLE,FATIMA,55000000,2024-09-11,4,55,950,790,2,81-1212-7654,https://www.avisosdeocasion.com/Detalle-Inmuebles.aspx?PlazaBusqueda=2&ClaveAviso=32046168&Plaza=2&colonia-inmueble=FATIMA&Imagenes=14&idinmueble=3&Grupo=1&Zonas=17&Colonia=0&Recamaras=0&Banios=0&ConInicial=-1&ConFinal=-1&PrecioInicial=-1&PrecioFinal=-1&ChbFoto=0&ChbVideo=0&plantas=0&TerrenoInicial=-1&TerrenoFinal=-1&chkDesc=1&OrderTmp=1&ChbAmueblado=0&Mosaico=0
VALLE,PRIVADA NEIL ARMSTRO...,35000000,2024-08-21,3,25,450,896,1,81-1212-7654,https://www.avisosdeocasion.com/Detalle-Inmuebles.aspx?PlazaBusqueda=2&ClaveAviso=32032251&Plaza=2&colonia-inmueble=PRIVADA%20NEIL%20ARMSTRONG%20PALO%20BL&Imagenes=16&idinmueble=3&Grupo=1&Zonas=17&Colonia=0&Recamaras=0&Banios=0&ConInicial=-1&ConFinal=-1&PrecioInicial=-1&PrecioFinal=-1&ChbFoto=0&ChbVideo=0&plantas=0&TerrenoInicial=-1&TerrenoFinal=-1&chkDesc=1&OrderTmp=1&ChbAmueblado=0&Mosaico=0
VALLE,LOMAS DEL VALLE,29000000,2024-08-28,3,5,450,300,2,811-255-87-74,https://www.avisosdeocasion.com/Detalle-Inmuebles.aspx?PlazaBusqueda=2&ClaveAviso=32036512&Plaza=2&colonia-inmueble=LOMAS%20DEL%20VALLE&Imagenes=1&idinmueble=3&Grupo=1&Zonas=17&Colonia=0&Recamaras=0&Banios=0&ConInicial=-1&ConFinal=-1&PrecioInicial=-1&PrecioFinal=-1&ChbFoto=0&ChbVideo=0&plantas=0&TerrenoInicial=-1&TerrenoFinal=-1&chkDesc=1&OrderTmp=1&ChbAmueblado=0&Mosaico=0
VALLE,LOS ANGELES BOSQUE R...,14500000,2024-09-11,3,35,3604,249,2,81-8309-2421,https://www.avisosdeocasion.com/Detalle-Inmuebles.aspx?PlazaBusqueda=2&ClaveAviso=32045560&Plaza=2&colonia-inmueble=LOS%20ANGELES%20BOSQUE%20RESIDENCIAL%20Valle%20Oriente&Imagenes=0&idinmueble=3&Grupo=1&Zonas=17&Colonia=0&Recamaras=0&Banios=0&ConInicial=-1&ConFinal=-1&PrecioInicial=-1&PrecioFinal=-1&ChbFoto=0&ChbVideo=0&plantas=0&TerrenoInicial=-1&TerrenoFinal=-1&chkDesc=1&OrderTmp=1&ChbAmueblado=0&Mosaico=0
VALLE,CARRIZALEJO,31000000,2024-08-22,3,35,644,525,2,81-1022-8843,https://www.avisosdeocasion.com/Detalle-Inmuebles.aspx?PlazaBusqueda=2&ClaveAviso=32032740&Plaza=2&colonia-inmueble=CARRIZALEJO&Imagenes=12&idinmueble=3&Grupo=1&Zonas=17&Colonia=0&Recamaras=0&Banios=0&ConInicial=-1&ConFinal=-1&PrecioInicial=-1&PrecioFinal=-1&ChbFoto=0&ChbVideo=0&plantas=0&TerrenoInicial=-1&TerrenoFinal=-1&chkDesc=1&OrderTmp=1&ChbAmueblado=0&Mosaico=0
VALLE,LA VENTANA,36000000,2024-08-13,4,55,827,982,2,818-254-1447,https://www.avisosdeocasion.com/Detalle-Inmuebles.aspx?PlazaBusqueda=2&ClaveAviso=32027074&Plaza=2&colonia-inmueble=LA%20%20VENTANA&Imagenes=0&idinmueble=3&Grupo=1&Zonas=17&Colonia=0&Recamaras=0&Banios=0&ConInicial=-1&ConFinal=-1&PrecioInicial=-1&PrecioFinal=-1&ChbFoto=0&ChbVideo=0&plantas=0&TerrenoInicial=-1&TerrenoFinal=-1&chkDesc=1&OrderTmp=1&ChbAmueblado=0&Mosaico=0
VALLE,BARRANCAS DEL PEDREG...,4850000,2024-08-10,4,2,137,172,2,81-1658-4805,https://www.avisosdeocasion.com/Detalle-Inmuebles.aspx?PlazaBusqueda=2&ClaveAviso=32025914&Plaza=2&colonia-inmueble=BARRANCAS%20DEL%20PEDREGAL%20Lomas%20de%20Tampiquito&Imagenes=9&idinmueble=3&Grupo=1&Zonas=17&Colonia=0&Recamaras=0&Banios=0&ConInicial=-1&ConFinal=-1&PrecioInicial=-1&PrecioFinal=-1&ChbFoto=0&ChbVideo=0&plantas=0&TerrenoInicial=-1&TerrenoFinal=-1&chkDesc=1&OrderTmp=1&ChbAmueblado=0&Mosaico=0
VALLE,LOMAS DE MONTECRISTO,15200000,2024-08-23,3,45,500,250,3,81-1019-8743,https://www.avisosdeocasion.com/Detalle-Inmuebles.aspx?PlazaBusqueda=2&ClaveAviso=32034546&Plaza=2&colonia-inmueble=LOMAS%20DE%20MONTECRISTO&Imagenes=18&idinmueble=3&Grupo=1&Zonas=17&Colonia=0&Recamaras=0&Banios=0&ConInicial=-1&ConFinal=-1&PrecioInicial=-1&PrecioFinal=-1&ChbFoto=0&ChbVideo=0&plantas=0&TerrenoInicial=-1&TerrenoFinal=-1&chkDesc=1&OrderTmp=1&ChbAmueblado=0&Mosaico=0
VALLE,JONUCO,18000000,2024-08-27,4,4,475,1922,2,81-2860-0920,https://www.avisosdeocasion.com/Detalle-Inmuebles.aspx?PlazaBusqueda=2&ClaveAviso=32036363&Plaza=2&colonia-inmueble=JONUCO&Imagenes=9&idinmueble=3&Grupo=1&Zonas=17&Colonia=0&Recamaras=0&Banios=0&ConInicial=-1&ConFinal=-1&PrecioInicial=-1&PrecioFinal=-1&ChbFoto=0&ChbVideo=0&plantas=0&TerrenoInicial=-1&TerrenoFinal=-1&chkDesc=1&OrderTmp=1&ChbAmueblado=0&Mosaico=0
VALLE,JERONIMO SILLER,2000000,2024-09-03,3,3,400,1250,2,811-182-68-90,https://www.avisosdeocasion.com/Detalle-Inmuebles.aspx?PlazaBusqueda=2&ClaveAviso=32040476&Plaza=2&colonia-inmueble=JERONIMO%20SILLER&Imagenes=19&idinmueble=3&Grupo=1&Zonas=17&Colonia=0&Recamaras=0&Banios=0&ConInicial=-1&ConFinal=-1&PrecioInicial=-1&PrecioFinal=-1&ChbFoto=0&ChbVideo=0&plantas=0&TerrenoInicial=-1&TerrenoFinal=-1&chkDesc=1&OrderTmp=1&ChbAmueblado=0&Mosaico=0
VALLE,FUENTES DEL VALLE,11950000,2024-08-24,3,35,250,146,3,81-1800-2978,https://www.avisosdeocasion.com/Detalle-Inmuebles.aspx?PlazaBusqueda=2&ClaveAviso=32035290&Plaza=2&colonia-inmueble=FUENTES%20DEL%20VALLE&Imagenes=2&idinmueble=3&Grupo=1&Zonas=17&Colonia=0&Recamaras=0&Banios=0&ConInicial=-1&ConFinal=-1&PrecioInicial=-1&PrecioFinal=-1&ChbFoto=0&ChbVideo=0&plantas=0&TerrenoInicial=-1&TerrenoFinal=-1&chkDesc=1&OrderTmp=1&ChbAmueblado=0&Mosaico=0
VALLE,LA MURALLA,17500000,2024-08-21,4,5,453,330,3,81-1212-7654,https://www.avisosdeocasion.com/Detalle-Inmuebles.aspx?PlazaBusqueda=2&ClaveAviso=32032245&Plaza=2&colonia-inmueble=LA%20MURALLA&Imagenes=37&idinmueble=3&Grupo=1&Zonas=17&Colonia=0&Recamaras=0&Banios=0&ConInicial=-1&ConFinal=-1&PrecioInicial=-1&PrecioFinal=-1&ChbFoto=0&ChbVideo=0&plantas=0&TerrenoInicial=-1&TerrenoFinal=-1&chkDesc=1&OrderTmp=1&ChbAmueblado=0&Mosaico=0
VALLE,RESIDENCIAL CHIPINQUE,25500000,2024-09-11,3,25,543,600,3,811-212-7654,https://www.avisosdeocasion.com/Detalle-Inmuebles.aspx?PlazaBusqueda=2&ClaveAviso=32046135&Plaza=2&colonia-inmueble=RESIDENCIAL%20CHIPINQUE&Imagenes=28&idinmueble=3&Grupo=1&Zonas=17&Colonia=0&Recamaras=0&Banios=0&ConInicial=-1&ConFinal=-1&PrecioInicial=-1&PrecioFinal=-1&ChbFoto=0&ChbVideo=0&plantas=0&TerrenoInicial=-1&TerrenoFinal=-1&chkDesc=1&OrderTmp=1&ChbAmueblado=0&Mosaico=0
VALLE,VALLE DE CHIPINQUE E...,30000000,2024-08-24,3,35,492,874,2,81-8362-5313,https://www.avisosdeocasion.com/Detalle-Inmuebles.aspx?PlazaBusqueda=2&ClaveAviso=32035328&Plaza=2&colonia-inmueble=VALLE%20DE%20CHIPINQUE%20ESPA%C3%91OL&Imagenes=8&idinmueble=3&Grupo=1&Zonas=17&Colonia=0&Recamaras=0&Banios=0&ConInicial=-1&ConFinal=-1&PrecioInicial=-1&PrecioFinal=-1&ChbFoto=0&ChbVideo=0&plantas=0&TerrenoInicial=-1&TerrenoFinal=-1&chkDesc=1&OrderTmp=1&ChbAmueblado=0&Mosaico=0
VALLE,COLINAS DE SAN ANGEL...,58500000,2024-09-11,4,55,986,595,3,81-1212-7654,https://www.avisosdeocasion.com/Detalle-Inmuebles.aspx?PlazaBusqueda=2&ClaveAviso=32046139&Plaza=2&colonia-inmueble=COLINAS%20DE%20SAN%20ANGEL%202do%20SECTOR&Imagenes=50&idinmueble=3&Grupo=1&Zonas=17&Colonia=0&Recamaras=0&Banios=0&ConInicial=-1&ConFinal=-1&PrecioInicial=-1&PrecioFinal=-1&ChbFoto=0&ChbVideo=0&plantas=0&TerrenoInicial=-1&TerrenoFinal=-1&chkDesc=1&OrderTmp=1&ChbAmueblado=0&Mosaico=0
VALLE,LAZARO GARZA AYALA,3600000,2024-09-03,2,2,94,105,1,81-3118-3334,https://www.avisosdeocasion.com/Detalle-Inmuebles.aspx?PlazaBusqueda=2&ClaveAviso=32040271&Plaza=2&colonia-inmueble=LAZARO%20GARZA%20AYALA&Imagenes=12&idinmueble=3&Grupo=1&Zonas=17&Colonia=0&Recamaras=0&Banios=0&ConInicial=-1&ConFinal=-1&PrecioInicial=-1&PrecioFinal=-1&ChbFoto=0&ChbVideo=0&plantas=0&TerrenoInicial=-1&TerrenoFinal=-1&chkDesc=1&OrderTmp=1&ChbAmueblado=0&Mosaico=0
VALLE,DEL VALLE,40000000,2024-08-15,9,95,900,500,3,81-2212-6776,https://www.avisosdeocasion.com/Detalle-Inmuebles.aspx?PlazaBusqueda=2&ClaveAviso=32028336&Plaza=2&colonia-inmueble=DEL%20VALLE&Imagenes=28&idinmueble=3&Grupo=1&Zonas=17&Colonia=0&Recamaras=0&Banios=0&ConInicial=-1&ConFinal=-1&PrecioInicial=-1&PrecioFinal=-1&ChbFoto=0&ChbVideo=0&plantas=0&TerrenoInicial=-1&TerrenoFinal=-1&chkDesc=1&OrderTmp=1&ChbAmueblado=0&Mosaico=0
VALLE,COLINAS DEL VALLE,8164000,2024-08-30,3,45,290,164,3,81-1577-3295,https://www.avisosdeocasion.com/Detalle-Inmuebles.aspx?PlazaBusqueda=2&ClaveAviso=32039316&Plaza=2&colonia-inmueble=COLINAS%20DEL%20VALLE&Imagenes=0&idinmueble=3&Grupo=1&Zonas=17&Colonia=0&Recamaras=0&Banios=0&ConInicial=-1&ConFinal=-1&PrecioInicial=-1&PrecioFinal=-1&ChbFoto=0&ChbVideo=0&plantas=0&TerrenoInicial=-1&TerrenoFinal=-1&chkDesc=1&OrderTmp=1&ChbAmueblado=0&Mosaico=0
VALLE,SAN AGUSTIN CAMPESTRE,47000000,2024-09-04,3,45,723,543,3,811-029-10-68,https://www.avisosdeocasion.com/Detalle-Inmuebles.aspx?PlazaBusqueda=2&ClaveAviso=32040915&Plaza=2&colonia-inmueble=SAN%20AGUSTIN%20CAMPESTRE&Imagenes=7&idinmueble=3&Grupo=1&Zonas=17&Colonia=0&Recamaras=0&Banios=0&ConInicial=-1&ConFinal=-1&PrecioInicial=-1&PrecioFinal=-1&ChbFoto=0&ChbVideo=0&plantas=0&TerrenoInicial=-1&TerrenoFinal=-1&chkDesc=1&OrderTmp=1&ChbAmueblado=0&Mosaico=0
VALLE,LAS SENDAS,17500000,2024-08-13,3,45,377,204,3,818-254-1447,https://www.avisosdeocasion.com/Detalle-Inmuebles.aspx?PlazaBusqueda=2&ClaveAviso=32027067&Plaza=2&colonia-inmueble=LAS%20SENDAS&Imagenes=16&idinmueble=3&Grupo=1&Zonas=17&Colonia=0&Recamaras=0&Banios=0&ConInicial=-1&ConFinal=-1&PrecioInicial=-1&PrecioFinal=-1&ChbFoto=0&ChbVideo=0&plantas=0&TerrenoInicial=-1&TerrenoFinal=-1&chkDesc=1&OrderTmp=1&ChbAmueblado=0&Mosaico=0
VALLE,LA CIMA,15500000,2024-06-05,2,35,239,314,2,811-518-38-11,https://www.avisosdeocasion.com/Detalle-Inmuebles.aspx?PlazaBusqueda=2&ClaveAviso=31981691&Plaza=2&colonia-inmueble=LA%20CIMA&Imagenes=29&idinmueble=3&Grupo=1&Zonas=17&Colonia=0&Recamaras=0&Banios=0&ConInicial=-1&ConFinal=-1&PrecioInicial=-1&PrecioFinal=-1&ChbFoto=0&ChbVideo=0&plantas=0&TerrenoInicial=-1&TerrenoFinal=-1&chkDesc=1&OrderTmp=1&ChbAmueblado=0&Mosaico=0
VALLE,LAS MONTAÑAS Valle P...,11395000,2024-08-14,3,35,255,200,2,81-1049-6556,https://www.avisosdeocasion.com/Detalle-Inmuebles.aspx?PlazaBusqueda=2&ClaveAviso=32027565&Plaza=2&colonia-inmueble=LAS%20MONTA%C3%91AS%20Valle%20Poniente&Imagenes=28&idinmueble=3&Grupo=1&Zonas=17&Colonia=0&Recamaras=0&Banios=0&ConInicial=-1&ConFinal=-1&PrecioInicial=-1&PrecioFinal=-1&ChbFoto=0&ChbVideo=0&plantas=0&TerrenoInicial=-1&TerrenoFinal=-1&chkDesc=1&OrderTmp=1&ChbAmueblado=0&Mosaico=0
VALLE,MIRASIERRA,7000000,2024-07-26,3,25,139,82,3,81-1273-8991,https://www.avisosdeocasion.com/Detalle-Inmuebles.aspx?PlazaBusqueda=2&ClaveAviso=32016464&Plaza=2&colonia-inmueble=MIRASIERRA&Imagenes=9&idinmueble=3&Grupo=1&Zonas=17&Colonia=0&Recamaras=0&Banios=0&ConInicial=-1&ConFinal=-1&PrecioInicial=-1&PrecioFinal=-1&ChbFoto=0&ChbVideo=0&plantas=0&TerrenoInicial=-1&TerrenoFinal=-1&chkDesc=1&OrderTmp=1&ChbAmueblado=0&Mosaico=0
VALLE,PRIVANZAS,18500000,2024-08-29,3,35,494,227,4,81-1254-6381,https://www.avisosdeocasion.com/Detalle-Inmuebles.aspx?PlazaBusqueda=2&ClaveAviso=32037092&Plaza=2&colonia-inmueble=PRIVANZAS&Imagenes=47&idinmueble=3&Grupo=1&Zonas=17&Colonia=0&Recamaras=0&Banios=0&ConInicial=-1&ConFinal=-1&PrecioInicial=-1&PrecioFinal=-1&ChbFoto=0&ChbVideo=0&plantas=0&TerrenoInicial=-1&TerrenoFinal=-1&chkDesc=1&OrderTmp=1&ChbAmueblado=0&Mosaico=0
